"OBS Studio 30.0.0 version dumpbin libobs export",
"array_output_serializer_free = array_output_serializer_free",
"array_output_serializer_init = array_output_serializer_init",
"array_output_serializer_reset = array_output_serializer_reset",
"astrcmp_n = astrcmp_n",
"astrcmpi = astrcmpi",
"astrcmpi_n = astrcmpi_n",
"astrstri = astrstri",
"audio_output_active = audio_output_active",
"audio_output_close = audio_output_close",
"audio_output_connect = audio_output_connect",
"audio_output_disconnect = audio_output_disconnect",
"audio_output_get_block_size = audio_output_get_block_size",
"audio_output_get_channels = audio_output_get_channels",
"audio_output_get_info = audio_output_get_info",
"audio_output_get_planes = audio_output_get_planes",
"audio_output_get_sample_rate = audio_output_get_sample_rate",
"audio_output_open = audio_output_open",
"audio_resampler_create = audio_resampler_create",
"audio_resampler_destroy = audio_resampler_destroy",
"audio_resampler_resample = audio_resampler_resample",
"axisang_from_quat = axisang_from_quat",
"base_get_alignment = base_get_alignment",
"base_get_log_handler = base_get_log_handler",
"base_set_allocator = _guard_check_icall_nop",
"base_set_crash_handler = base_set_crash_handler",
"base_set_log_handler = base_set_log_handler",
"bcrash = bcrash",
"bfree = bfree",
"bitstream_reader_init = bitstream_reader_init",
"bitstream_reader_r16 = bitstream_reader_r16",
"bitstream_reader_r8 = bitstream_reader_r8",
"bitstream_reader_read_bits = bitstream_reader_read_bits",
"blog = blog",
"blogva = blogva",
"bmalloc = bmalloc",
"bmemdup = bmemdup",
"bnum_allocs = bnum_allocs",
"bounds_get_center = bounds_get_center",
"bounds_get_point = bounds_get_point",
"bounds_intersection_line = bounds_intersection_line",
"bounds_intersection_ray = bounds_intersection_ray",
"bounds_intersects = bounds_intersects",
"bounds_intersects_obb = bounds_intersects_obb",
"bounds_intersects_obb3x4 = bounds_intersects_obb3x4",
"bounds_merge = bounds_merge",
"bounds_merge_point = bounds_merge_point",
"bounds_min_dist = bounds_min_dist",
"bounds_move = bounds_move",
"bounds_plane_test = bounds_plane_test",
"bounds_scale = bounds_scale",
"bounds_transform = bounds_transform",
"bounds_transform3x4 = bounds_transform3x4",
"bounds_under_plane = bounds_under_plane",
"brealloc = brealloc",
"buffered_file_serializer_free = buffered_file_serializer_free",
"buffered_file_serializer_init = buffered_file_serializer_init",
"buffered_file_serializer_init_defaults = buffered_file_serializer_init_defaults",
"calc_crc32 = calc_crc32",
"calc_torque = calc_torque",
"calc_torquef = calc_torquef",
"calldata_get_data = calldata_get_data",
"calldata_get_string = calldata_get_string",
"calldata_set_data = calldata_set_data",
"cart_to_polar = cart_to_polar",
"cf_adderror = cf_adderror",
"cf_lexer_free = cf_lexer_free",
"cf_lexer_init = cf_lexer_init",
"cf_lexer_lex = cf_lexer_lex",
"cf_literal_to_str = cf_literal_to_str",
"cf_pass_pair = cf_pass_pair",
"cf_preprocess = cf_preprocess",
"cf_preprocessor_add_def = cf_preprocessor_add_def",
"cf_preprocessor_free = cf_preprocessor_free",
"cf_preprocessor_init = cf_preprocessor_init",
"cf_preprocessor_remove_def = cf_preprocessor_remove_def",
"compress_uyvx_to_i420 = compress_uyvx_to_i420",
"compress_uyvx_to_nv12 = compress_uyvx_to_nv12",
"config_close = config_close",
"config_create = config_create",
"config_get_bool = config_get_bool",
"config_get_default_bool = config_get_default_bool",
"config_get_default_double = config_get_default_double",
"config_get_default_int = config_get_default_int",
"config_get_default_string = config_get_default_string",
"config_get_default_uint = config_get_default_uint",
"config_get_double = config_get_double",
"config_get_int = config_get_int",
"config_get_section = config_get_section",
"config_get_string = config_get_string",
"config_get_uint = config_get_uint",
"config_has_default_value = config_has_default_value",
"config_has_user_value = config_has_user_value",
"config_num_sections = config_num_sections",
"config_open = config_open",
"config_open_defaults = config_open_defaults",
"config_open_string = config_open_string",
"config_remove_value = config_remove_value",
"config_save = config_save",
"config_save_safe = config_save_safe",
"config_set_bool = config_set_bool",
"config_set_default_bool = config_set_default_bool",
"config_set_default_double = config_set_default_double",
"config_set_default_int = config_set_default_int",
"config_set_default_string = config_set_default_string",
"config_set_default_uint = config_set_default_uint",
"config_set_double = config_set_double",
"config_set_int = config_set_int",
"config_set_string = config_set_string",
"config_set_uint = config_set_uint",
"convert_uyvx_to_i444 = convert_uyvx_to_i444",
"decompress_420 = decompress_420",
"decompress_422 = decompress_422",
"decompress_nv12 = decompress_nv12",
"dstr_cat_dstr = dstr_cat_dstr",
"dstr_cat_strref = dstr_cat_strref",
"dstr_catf = dstr_catf",
"dstr_copy = dstr_copy",
"dstr_copy_strref = dstr_copy_strref",
"dstr_depad = dstr_depad",
"dstr_from_mbs = dstr_from_mbs",
"dstr_from_wcs = dstr_from_wcs",
"dstr_init_copy_strref = dstr_init_copy_strref",
"dstr_insert = dstr_insert",
"dstr_insert_ch = dstr_insert_ch",
"dstr_insert_dstr = dstr_insert_dstr",
"dstr_left = dstr_left",
"dstr_mid = dstr_mid",
"dstr_ncat = dstr_ncat",
"dstr_ncat_dstr = dstr_ncat_dstr",
"dstr_ncopy = dstr_ncopy",
"dstr_ncopy_dstr = dstr_ncopy_dstr",
"dstr_printf = dstr_printf",
"dstr_remove = dstr_remove",
"dstr_replace = dstr_replace",
"dstr_right = dstr_right",
"dstr_safe_printf = dstr_safe_printf",
"dstr_to_lower = dstr_to_lower",
"dstr_to_mbs = dstr_to_mbs",
"dstr_to_upper = dstr_to_upper",
"dstr_to_wcs = dstr_to_wcs",
"dstr_vcatf = dstr_vcatf",
"dstr_vprintf = dstr_vprintf",
"enum_graphics_device_luids = enum_graphics_device_luids",
"error_data_add = error_data_add",
"error_data_buildstring = error_data_buildstring",
"file_input_serializer_free = file_input_serializer_free",
"file_input_serializer_init = file_input_serializer_init",
"file_output_serializer_free = file_output_serializer_free",
"file_output_serializer_init = file_output_serializer_init",
"file_output_serializer_init_safe = file_output_serializer_init_safe",
"get_address_mode = get_address_mode",
"get_dll_ver = get_dll_ver",
"get_reg_dword = get_reg_dword",
"get_sample_filter = get_sample_filter",
"get_shader_param_type = get_shader_param_type",
"get_win_ver = get_win_ver",
"get_win_ver_int = get_win_ver_int",
"gs_begin_frame = gs_begin_frame",
"gs_begin_scene = gs_begin_scene",
"gs_blend_function = gs_blend_function",
"gs_blend_function_separate = gs_blend_function_separate",
"gs_blend_op = gs_blend_op",
"gs_blend_state_pop = gs_blend_state_pop",
"gs_blend_state_push = gs_blend_state_push",
"gs_can_adapter_fast_clear = gs_can_adapter_fast_clear",
"gs_clear = gs_clear",
"gs_color = gs_color",
"gs_color4v = _guard_check_icall_nop",
"gs_copy_texture = gs_copy_texture",
"gs_copy_texture_region = gs_copy_texture_region",
"gs_create = gs_create",
"gs_create_texture_file_data = gs_create_texture_file_data",
"gs_create_texture_file_data2 = gs_create_texture_file_data2",
"gs_create_texture_file_data3 = gs_create_texture_file_data3",
"gs_cubetexture_create = gs_cubetexture_create",
"gs_cubetexture_destroy = gs_cubetexture_destroy",
"gs_cubetexture_get_color_format = gs_cubetexture_get_color_format",
"gs_cubetexture_get_size = gs_cubetexture_get_size",
"gs_cubetexture_set_image = _guard_check_icall_nop",
"gs_debug_marker_begin = gs_debug_marker_begin",
"gs_debug_marker_begin_format = gs_debug_marker_begin_format",
"gs_debug_marker_end = gs_debug_marker_end",
"gs_depth_function = gs_depth_function",
"gs_destroy = gs_destroy",
"gs_draw = gs_draw",
"gs_draw_cube_backdrop = _guard_check_icall_nop",
"gs_draw_sprite = gs_draw_sprite",
"gs_draw_sprite_subregion = gs_draw_sprite_subregion",
"gs_duplicator_create = gs_duplicator_create",
"gs_duplicator_destroy = gs_duplicator_destroy",
"gs_duplicator_get_color_space = gs_duplicator_get_color_space",
"gs_duplicator_get_monitor_index = gs_duplicator_get_monitor_index",
"gs_duplicator_get_sdr_white_level = gs_duplicator_get_sdr_white_level",
"gs_duplicator_get_texture = gs_duplicator_get_texture",
"gs_duplicator_update_frame = gs_duplicator_update_frame",
"gs_effect_create = gs_effect_create",
"gs_effect_create_from_file = gs_effect_create_from_file",
"gs_effect_destroy = gs_effect_destroy",
"gs_effect_get_current_technique = gs_effect_get_current_technique",
"gs_effect_get_default_val = gs_effect_get_default_val",
"gs_effect_get_default_val_size = gs_effect_get_default_val_size",
"gs_effect_get_num_params = gs_effect_get_num_params",
"gs_effect_get_param_by_idx = gs_effect_get_param_by_idx",
"gs_effect_get_param_by_name = gs_effect_get_param_by_name",
"gs_effect_get_param_info = gs_effect_get_param_info",
"gs_effect_get_technique = gs_effect_get_technique",
"gs_effect_get_val = gs_effect_get_val",
"gs_effect_get_val_size = gs_effect_get_num_params",
"gs_effect_get_viewproj_matrix = gs_effect_get_viewproj_matrix",
"gs_effect_get_world_matrix = gs_effect_get_world_matrix",
"gs_effect_loop = gs_effect_loop",
"gs_effect_set_bool = gs_effect_set_bool",
"gs_effect_set_color = gs_effect_set_color",
"gs_effect_set_default = gs_effect_set_default",
"gs_effect_set_float = gs_effect_set_float",
"gs_effect_set_int = gs_effect_set_int",
"gs_effect_set_matrix4 = gs_effect_set_matrix4",
"gs_effect_set_next_sampler = gs_effect_set_next_sampler",
"gs_effect_set_texture = gs_effect_set_texture",
"gs_effect_set_texture_srgb = gs_effect_set_texture_srgb",
"gs_effect_set_val = gs_effect_set_val",
"gs_effect_set_vec2 = gs_effect_set_vec2",
"gs_effect_set_vec3 = gs_effect_set_vec3",
"gs_effect_set_vec4 = gs_effect_set_vec4",
"gs_effect_update_params = gs_effect_update_params",
"gs_enable_blending = gs_enable_blending",
"gs_enable_color = gs_enable_color",
"gs_enable_depth_test = gs_enable_depth_test",
"gs_enable_framebuffer_srgb = gs_enable_framebuffer_srgb",
"gs_enable_stencil_test = gs_enable_stencil_test",
"gs_enable_stencil_write = gs_enable_stencil_write",
"gs_end_scene = gs_end_scene",
"gs_enter_context = gs_enter_context",
"gs_enum_adapters = gs_enum_adapters",
"gs_flush = gs_flush",
"gs_framebuffer_srgb_enabled = gs_framebuffer_srgb_enabled",
"gs_frustum = gs_frustum",
"gs_gdi_texture_available = gs_gdi_texture_available",
"gs_get_adapter_count = gs_get_adapter_count",
"gs_get_color_space = gs_get_color_space",
"gs_get_context = gs_get_context",
"gs_get_cull_mode = gs_get_cull_mode",
"gs_get_device_name = gs_get_device_name",
"gs_get_device_obj = gs_get_device_obj",
"gs_get_device_type = gs_get_device_type",
"gs_get_duplicator_monitor_info = gs_get_duplicator_monitor_info",
"gs_get_effect = gs_get_effect",
"gs_get_height = gs_get_height",
"gs_get_input = __scrt_stub_for_is_c_termination_complete",
"gs_get_linear_srgb = gs_get_linear_srgb",
"gs_get_pixel_shader = gs_get_pixel_shader",
"gs_get_render_target = gs_get_render_target",
"gs_get_size = gs_get_size",
"gs_get_texture_type = gs_get_texture_type",
"gs_get_vertex_shader = gs_get_vertex_shader",
"gs_get_viewport = gs_get_viewport",
"gs_get_width = gs_get_width",
"gs_get_zstencil_target = gs_get_zstencil_target",
"gs_image_file2_init = gs_image_file2_init",
"gs_image_file2_tick = gs_image_file2_tick",
"gs_image_file2_update_texture = gs_image_file2_update_texture",
"gs_image_file3_init = gs_image_file3_init",
"gs_image_file3_tick = gs_image_file3_tick",
"gs_image_file3_update_texture = gs_image_file3_update_texture",
"gs_image_file4_init = gs_image_file4_init",
"gs_image_file4_tick = gs_image_file3_tick",
"gs_image_file4_update_texture = gs_image_file3_update_texture",
"gs_image_file_free = gs_image_file_free",
"gs_image_file_init = gs_image_file_init",
"gs_image_file_init_texture = gs_image_file_init_texture",
"gs_image_file_tick = gs_image_file2_tick",
"gs_image_file_update_texture = gs_image_file2_update_texture",
"gs_indexbuffer_create = gs_indexbuffer_create",
"gs_indexbuffer_destroy = gs_indexbuffer_destroy",
"gs_indexbuffer_flush = gs_indexbuffer_flush",
"gs_indexbuffer_flush_direct = gs_indexbuffer_flush_direct",
"gs_indexbuffer_get_data = gs_indexbuffer_get_data",
"gs_indexbuffer_get_num_indices = gs_indexbuffer_get_num_indices",
"gs_indexbuffer_get_type = gs_indexbuffer_get_type",
"gs_is_monitor_hdr = gs_is_monitor_hdr",
"gs_is_present_ready = gs_is_present_ready",
"gs_leave_context = gs_leave_context",
"gs_load_default_samplerstate = gs_load_default_samplerstate",
"gs_load_indexbuffer = gs_load_indexbuffer",
"gs_load_pixelshader = gs_load_pixelshader",
"gs_load_samplerstate = gs_load_samplerstate",
"gs_load_swapchain = gs_load_swapchain",
"gs_load_texture = gs_load_texture",
"gs_load_vertexbuffer = gs_load_vertexbuffer",
"gs_load_vertexshader = gs_load_vertexshader",
"gs_matrix_get = gs_matrix_get",
"gs_matrix_identity = gs_matrix_identity",
"gs_matrix_mul = gs_matrix_mul",
"gs_matrix_pop = gs_matrix_pop",
"gs_matrix_push = gs_matrix_push",
"gs_matrix_rotaa = gs_matrix_rotaa",
"gs_matrix_rotaa4f = gs_matrix_rotaa4f",
"gs_matrix_rotquat = gs_matrix_rotquat",
"gs_matrix_scale = gs_matrix_scale",
"gs_matrix_scale3f = gs_matrix_scale3f",
"gs_matrix_set = gs_matrix_set",
"gs_matrix_translate = gs_matrix_translate",
"gs_matrix_translate3f = gs_matrix_translate3f",
"gs_matrix_transpose = gs_matrix_transpose",
"gs_normal3f = gs_normal3f",
"gs_normal3v = gs_normal3v",
"gs_nv12_available = gs_nv12_available",
"gs_ortho = gs_ortho",
"gs_p010_available = gs_p010_available",
"gs_param_get_annotation_by_idx = gs_param_get_annotation_by_idx",
"gs_param_get_annotation_by_name = gs_param_get_annotation_by_name",
"gs_param_get_num_annotations = gs_effect_get_world_matrix",
"gs_perspective = gs_perspective",
"gs_pixelshader_create = gs_pixelshader_create",
"gs_pixelshader_create_from_file = gs_pixelshader_create_from_file",
"gs_present = gs_present",
"gs_projection_pop = gs_projection_pop",
"gs_projection_push = gs_projection_push",
"gs_register_loss_callbacks = gs_register_loss_callbacks",
"gs_render_save = gs_render_save",
"gs_render_start = gs_render_start",
"gs_render_stop = gs_render_stop",
"gs_reset_blend_state = gs_reset_blend_state",
"gs_reset_viewport = gs_reset_viewport",
"gs_resize = gs_resize",
"gs_samplerstate_create = gs_samplerstate_create",
"gs_samplerstate_destroy = gs_samplerstate_destroy",
"gs_set_2d_mode = gs_set_2d_mode",
"gs_set_3d_mode = _guard_check_icall_nop",
"gs_set_cube_render_target = gs_set_cube_render_target",
"gs_set_cull_mode = gs_set_cull_mode",
"gs_set_linear_srgb = gs_set_linear_srgb",
"gs_set_render_target = gs_set_render_target",
"gs_set_render_target_with_color_space = gs_set_render_target_with_color_space",
"gs_set_scissor_rect = gs_set_scissor_rect",
"gs_set_viewport = gs_set_viewport",
"gs_shader_destroy = gs_shader_destroy",
"gs_shader_get_num_params = gs_shader_get_num_params",
"gs_shader_get_param_by_idx = gs_shader_get_param_by_idx",
"gs_shader_get_param_by_name = gs_shader_get_param_by_name",
"gs_shader_get_param_info = gs_shader_get_param_info",
"gs_shader_get_viewproj_matrix = gs_shader_get_viewproj_matrix",
"gs_shader_get_world_matrix = gs_shader_get_world_matrix",
"gs_shader_set_bool = gs_shader_set_bool",
"gs_shader_set_default = gs_shader_set_default",
"gs_shader_set_float = gs_shader_set_float",
"gs_shader_set_int = gs_shader_set_int",
"gs_shader_set_matrix3 = gs_shader_set_matrix3",
"gs_shader_set_matrix4 = gs_shader_set_matrix4",
"gs_shader_set_next_sampler = gs_shader_set_next_sampler",
"gs_shader_set_texture = gs_shader_set_texture",
"gs_shader_set_val = gs_shader_set_val",
"gs_shader_set_vec2 = gs_shader_set_vec2",
"gs_shader_set_vec3 = gs_shader_set_vec3",
"gs_shader_set_vec4 = gs_shader_set_vec4",
"gs_shared_texture_available = gs_shared_texture_available",
"gs_stage_texture = gs_stage_texture",
"gs_stagesurface_create = gs_stagesurface_create",
"gs_stagesurface_create_nv12 = gs_stagesurface_create_nv12",
"gs_stagesurface_create_p010 = gs_stagesurface_create_p010",
"gs_stagesurface_destroy = gs_stagesurface_destroy",
"gs_stagesurface_get_color_format = gs_stagesurface_get_color_format",
"gs_stagesurface_get_height = gs_stagesurface_get_height",
"gs_stagesurface_get_width = gs_stagesurface_get_width",
"gs_stagesurface_map = gs_stagesurface_map",
"gs_stagesurface_unmap = gs_stagesurface_unmap",
"gs_stencil_function = gs_stencil_function",
"gs_stencil_op = gs_stencil_op",
"gs_swapchain_create = gs_swapchain_create",
"gs_swapchain_destroy = gs_swapchain_destroy",
"gs_technique_begin = gs_technique_begin",
"gs_technique_begin_pass = gs_technique_begin_pass",
"gs_technique_begin_pass_by_name = gs_technique_begin_pass_by_name",
"gs_technique_end = gs_technique_end",
"gs_technique_end_pass = gs_technique_end_pass",
"gs_technique_get_pass_by_idx = gs_technique_get_pass_by_idx",
"gs_technique_get_pass_by_name = gs_technique_get_pass_by_name",
"gs_texcoord = gs_texcoord",
"gs_texcoord2v = gs_texcoord2v",
"gs_texrender_begin = gs_texrender_begin",
"gs_texrender_begin_with_color_space = gs_texrender_begin_with_color_space",
"gs_texrender_create = gs_texrender_create",
"gs_texrender_destroy = gs_texrender_destroy",
"gs_texrender_end = gs_texrender_end",
"gs_texrender_get_format = gs_texrender_get_format",
"gs_texrender_get_texture = gs_texrender_get_texture",
"gs_texrender_reset = gs_texrender_reset",
"gs_texture_acquire_sync = gs_texture_acquire_sync",
"gs_texture_create = gs_texture_create",
"gs_texture_create_from_file = gs_texture_create_from_file",
"gs_texture_create_gdi = gs_texture_create_gdi",
"gs_texture_create_nv12 = gs_texture_create_nv12",
"gs_texture_create_p010 = gs_texture_create_p010",
"gs_texture_destroy = gs_texture_destroy",
"gs_texture_get_color_format = gs_texture_get_color_format",
"gs_texture_get_dc = gs_texture_get_dc",
"gs_texture_get_height = gs_texture_get_height",
"gs_texture_get_obj = gs_texture_get_obj",
"gs_texture_get_shared_handle = gs_texture_get_shared_handle",
"gs_texture_get_width = gs_texture_get_width",
"gs_texture_is_rect = gs_texture_is_rect",
"gs_texture_map = gs_texture_map",
"gs_texture_open_nt_shared = gs_texture_open_nt_shared",
"gs_texture_open_shared = gs_texture_open_shared",
"gs_texture_release_dc = gs_texture_release_dc",
"gs_texture_release_sync = gs_texture_release_sync",
"gs_texture_set_image = gs_texture_set_image",
"gs_texture_unmap = gs_texture_unmap",
"gs_texture_wrap_obj = gs_texture_wrap_obj",
"gs_timer_begin = gs_timer_begin",
"gs_timer_create = gs_timer_create",
"gs_timer_destroy = gs_timer_destroy",
"gs_timer_end = gs_timer_end",
"gs_timer_get_data = gs_timer_get_data",
"gs_timer_range_begin = gs_timer_range_begin",
"gs_timer_range_create = gs_timer_range_create",
"gs_timer_range_destroy = gs_timer_range_destroy",
"gs_timer_range_end = gs_timer_range_end",
"gs_timer_range_get_data = gs_timer_range_get_data",
"gs_unregister_loss_callbacks = gs_unregister_loss_callbacks",
"gs_update_color_space = gs_update_color_space",
"gs_vertex2f = gs_vertex2f",
"gs_vertex2v = gs_vertex2v",
"gs_vertex3f = gs_vertex3f",
"gs_vertex3v = gs_vertex3v",
"gs_vertexbuffer_create = gs_vertexbuffer_create",
"gs_vertexbuffer_destroy = gs_vertexbuffer_destroy",
"gs_vertexbuffer_flush = gs_vertexbuffer_flush",
"gs_vertexbuffer_flush_direct = gs_vertexbuffer_flush_direct",
"gs_vertexbuffer_get_data = gs_vertexbuffer_get_data",
"gs_vertexshader_create = gs_vertexshader_create",
"gs_vertexshader_create_from_file = gs_vertexshader_create_from_file",
"gs_viewport_pop = gs_viewport_pop",
"gs_viewport_push = gs_viewport_push",
"gs_voltexture_create = gs_voltexture_create",
"gs_voltexture_destroy = gs_voltexture_destroy",
"gs_voltexture_get_color_format = gs_voltexture_get_color_format",
"gs_voltexture_get_depth = gs_voltexture_get_depth",
"gs_voltexture_get_height = gs_voltexture_get_height",
"gs_voltexture_get_width = gs_voltexture_get_width",
"gs_zstencil_create = gs_zstencil_create",
"gs_zstencil_destroy = gs_zstencil_destroy",
"is_64_bit_windows = __acrt_initialize",
"is_arm64_windows = is_arm64_windows",
"lexer_getbasetoken = lexer_getbasetoken",
"lexer_getstroffset = lexer_getstroffset",
"matrix3_from_axisang = matrix3_from_axisang",
"matrix3_from_matrix4 = matrix3_from_matrix4",
"matrix3_from_quat = matrix3_from_quat",
"matrix3_inv = matrix3_inv",
"matrix3_mirror = matrix3_mirror",
"matrix3_mirrorv = matrix3_mirrorv",
"matrix3_mul = matrix3_mul",
"matrix3_rotate = matrix3_rotate",
"matrix3_rotate_aa = matrix3_rotate_aa",
"matrix3_scale = matrix3_scale",
"matrix3_transpose = matrix3_transpose",
"matrix4_determinant = matrix4_determinant",
"matrix4_from_axisang = matrix4_from_axisang",
"matrix4_from_matrix3 = matrix4_from_matrix3",
"matrix4_from_quat = matrix4_from_quat",
"matrix4_inv = matrix4_inv",
"matrix4_mul = matrix4_mul",
"matrix4_rotate = matrix4_rotate",
"matrix4_rotate_aa = matrix4_rotate_aa",
"matrix4_rotate_aa_i = matrix4_rotate_aa_i",
"matrix4_rotate_i = matrix4_rotate_i",
"matrix4_scale = matrix4_scale",
"matrix4_scale_i = matrix4_scale_i",
"matrix4_translate3v = matrix4_translate3v",
"matrix4_translate3v_i = matrix4_translate3v_i",
"matrix4_translate4v = matrix4_translate4v",
"matrix4_translate4v_i = matrix4_translate4v_i",
"matrix4_transpose = matrix4_transpose",
"media_remux_job_create = media_remux_job_create",
"media_remux_job_destroy = media_remux_job_destroy",
"media_remux_job_process = media_remux_job_process",
"metadata_obu_itu_t35 = metadata_obu_itu_t35",
"ms_build_window_strings = ms_build_window_strings",
"ms_check_window_property_setting = ms_check_window_property_setting",
"ms_fill_window_list = ms_fill_window_list",
"ms_find_window = ms_find_window",
"ms_find_window_top_level = ms_find_window_top_level",
"ms_get_uwp_actual_window = ms_get_uwp_actual_window",
"ms_get_window_class = ms_get_window_class",
"ms_get_window_exe = ms_get_window_exe",
"ms_get_window_title = ms_get_window_title",
"ms_is_uwp_window = ms_is_uwp_window",
"norm_to_polar = norm_to_polar",
"obs_add_data_path = obs_add_data_path",
"obs_add_main_render_callback = obs_add_main_render_callback",
"obs_add_main_rendered_callback = obs_add_main_rendered_callback",
"obs_add_module_path = obs_add_module_path",
"obs_add_raw_audio_callback = obs_add_raw_audio_callback",
"obs_add_raw_video_callback = obs_add_raw_video_callback",
"obs_add_raw_video_callback2 = obs_add_raw_video_callback2",
"obs_add_safe_module = obs_add_safe_module",
"obs_add_tick_callback = obs_add_tick_callback",
"obs_apply_private_data = obs_apply_private_data",
"obs_audio_encoder_create = obs_audio_encoder_create",
"obs_audio_monitoring_available = __acrt_initialize",
"obs_av1_keyframe = obs_av1_keyframe",
"obs_avc_find_startcode = obs_avc_find_startcode",
"obs_avc_keyframe = obs_avc_keyframe",
"obs_data_addref = obs_data_addref",
"obs_data_apply = obs_data_apply",
"obs_data_array_addref = obs_data_addref",
"obs_data_array_count = obs_data_array_count",
"obs_data_array_create = obs_data_array_create",
"obs_data_array_enum = obs_data_array_enum",
"obs_data_array_erase = obs_data_array_erase",
"obs_data_array_insert = obs_data_array_insert",
"obs_data_array_item = obs_data_array_item",
"obs_data_array_push_back = obs_data_array_push_back",
"obs_data_array_push_back_array = obs_data_array_push_back_array",
"obs_data_array_release = obs_data_array_release",
"obs_data_clear = obs_data_clear",
"obs_data_create = obs_data_create",
"obs_data_create_from_json = obs_data_create_from_json",
"obs_data_create_from_json_file = obs_data_create_from_json_file",
"obs_data_create_from_json_file_safe = obs_data_create_from_json_file_safe",
"obs_data_erase = obs_data_erase",
"obs_data_first = obs_data_first",
"obs_data_get_array = obs_data_get_array",
"obs_data_get_autoselect_array = obs_data_get_autoselect_array",
"obs_data_get_autoselect_bool = obs_data_get_autoselect_bool",
"obs_data_get_autoselect_double = obs_data_get_autoselect_double",
"obs_data_get_autoselect_frames_per_second = obs_data_get_autoselect_frames_per_second",
"obs_data_get_autoselect_int = obs_data_get_autoselect_int",
"obs_data_get_autoselect_obj = obs_data_get_autoselect_obj",
"obs_data_get_autoselect_quat = obs_data_get_autoselect_quat",
"obs_data_get_autoselect_string = obs_data_get_autoselect_string",
"obs_data_get_autoselect_vec2 = obs_data_get_autoselect_vec2",
"obs_data_get_autoselect_vec3 = obs_data_get_autoselect_vec3",
"obs_data_get_autoselect_vec4 = obs_data_get_autoselect_quat",
"obs_data_get_bool = obs_data_get_bool",
"obs_data_get_default_array = obs_data_get_default_array",
"obs_data_get_default_bool = obs_data_get_default_bool",
"obs_data_get_default_double = obs_data_get_default_double",
"obs_data_get_default_frames_per_second = obs_data_get_default_frames_per_second",
"obs_data_get_default_int = obs_data_get_default_int",
"obs_data_get_default_obj = obs_data_get_default_obj",
"obs_data_get_default_quat = obs_data_get_default_quat",
"obs_data_get_default_string = obs_data_get_default_string",
"obs_data_get_default_vec2 = obs_data_get_default_vec2",
"obs_data_get_default_vec3 = obs_data_get_default_vec3",
"obs_data_get_default_vec4 = obs_data_get_default_quat",
"obs_data_get_defaults = obs_data_get_defaults",
"obs_data_get_double = obs_data_get_double",
"obs_data_get_frames_per_second = obs_data_get_frames_per_second",
"obs_data_get_int = obs_data_get_int",
"obs_data_get_json = obs_data_get_json",
"obs_data_get_json_pretty = obs_data_get_json_pretty",
"obs_data_get_json_pretty_with_defaults = obs_data_get_json_pretty_with_defaults",
"obs_data_get_json_with_defaults = obs_data_get_json_with_defaults",
"obs_data_get_last_json = obs_data_get_last_json",
"obs_data_get_obj = obs_data_get_obj",
"obs_data_get_quat = obs_data_get_quat",
"obs_data_get_string = obs_data_get_string",
"obs_data_get_vec2 = obs_data_get_vec2",
"obs_data_get_vec3 = obs_data_get_vec3",
"obs_data_get_vec4 = obs_data_get_quat",
"obs_data_has_autoselect_value = obs_data_has_autoselect_value",
"obs_data_has_default_value = obs_data_has_default_value",
"obs_data_has_user_value = obs_data_has_user_value",
"obs_data_item_byname = obs_data_item_byname",
"obs_data_item_get_array = obs_data_item_get_array",
"obs_data_item_get_autoselect_array = obs_data_item_get_autoselect_array",
"obs_data_item_get_autoselect_bool = obs_data_item_get_autoselect_bool",
"obs_data_item_get_autoselect_double = obs_data_item_get_autoselect_double",
"obs_data_item_get_autoselect_frames_per_second = obs_data_item_get_autoselect_frames_per_second",
"obs_data_item_get_autoselect_int = obs_data_item_get_autoselect_int",
"obs_data_item_get_autoselect_obj = obs_data_item_get_autoselect_obj",
"obs_data_item_get_autoselect_string = obs_data_item_get_autoselect_string",
"obs_data_item_get_bool = obs_data_item_get_bool",
"obs_data_item_get_default_array = obs_data_item_get_default_array",
"obs_data_item_get_default_bool = obs_data_item_get_default_bool",
"obs_data_item_get_default_double = obs_data_item_get_default_double",
"obs_data_item_get_default_frames_per_second = obs_data_item_get_default_frames_per_second",
"obs_data_item_get_default_int = obs_data_item_get_default_int",
"obs_data_item_get_default_obj = obs_data_item_get_default_obj",
"obs_data_item_get_default_string = obs_data_item_get_default_string",
"obs_data_item_get_double = obs_data_item_get_double",
"obs_data_item_get_frames_per_second = obs_data_item_get_frames_per_second",
"obs_data_item_get_int = obs_data_item_get_int",
"obs_data_item_get_name = obs_data_item_get_name",
"obs_data_item_get_obj = obs_data_item_get_obj",
"obs_data_item_get_string = obs_data_item_get_string",
"obs_data_item_gettype = obs_data_item_gettype",
"obs_data_item_has_autoselect_value = obs_data_item_has_autoselect_value",
"obs_data_item_has_default_value = obs_data_item_has_default_value",
"obs_data_item_has_user_value = obs_data_item_has_user_value",
"obs_data_item_next = obs_data_item_next",
"obs_data_item_numtype = obs_data_item_numtype",
"obs_data_item_release = obs_data_item_release",
"obs_data_item_remove = obs_data_item_remove",
"obs_data_item_set_array = obs_data_item_set_array",
"obs_data_item_set_autoselect_array = obs_data_item_set_autoselect_array",
"obs_data_item_set_autoselect_bool = obs_data_item_set_autoselect_bool",
"obs_data_item_set_autoselect_double = obs_data_item_set_autoselect_double",
"obs_data_item_set_autoselect_frames_per_second = obs_data_item_set_autoselect_frames_per_second",
"obs_data_item_set_autoselect_int = obs_data_item_set_autoselect_int",
"obs_data_item_set_autoselect_obj = obs_data_item_set_autoselect_obj",
"obs_data_item_set_autoselect_string = obs_data_item_set_autoselect_string",
"obs_data_item_set_bool = obs_data_item_set_bool",
"obs_data_item_set_default_array = obs_data_item_set_default_array",
"obs_data_item_set_default_bool = obs_data_item_set_default_bool",
"obs_data_item_set_default_double = obs_data_item_set_default_double",
"obs_data_item_set_default_frames_per_second = obs_data_item_set_default_frames_per_second",
"obs_data_item_set_default_int = obs_data_item_set_default_int",
"obs_data_item_set_default_obj = obs_data_item_set_default_obj",
"obs_data_item_set_default_string = obs_data_item_set_default_string",
"obs_data_item_set_double = obs_data_item_set_double",
"obs_data_item_set_frames_per_second = obs_data_item_set_frames_per_second",
"obs_data_item_set_int = obs_data_item_set_int",
"obs_data_item_set_obj = obs_data_item_set_obj",
"obs_data_item_set_string = obs_data_item_set_string",
"obs_data_item_unset_autoselect_value = obs_data_item_unset_autoselect_value",
"obs_data_item_unset_default_value = obs_data_item_unset_default_value",
"obs_data_item_unset_user_value = obs_data_item_unset_user_value",
"obs_data_release = obs_data_release",
"obs_data_save_json = obs_data_save_json",
"obs_data_save_json_pretty_safe = obs_data_save_json_pretty_safe",
"obs_data_save_json_safe = obs_data_save_json_safe",
"obs_data_set_array = obs_data_set_array",
"obs_data_set_autoselect_array = obs_data_set_autoselect_array",
"obs_data_set_autoselect_bool = obs_data_set_autoselect_bool",
"obs_data_set_autoselect_double = obs_data_set_autoselect_double",
"obs_data_set_autoselect_frames_per_second = obs_data_set_autoselect_frames_per_second",
"obs_data_set_autoselect_int = obs_data_set_autoselect_int",
"obs_data_set_autoselect_obj = obs_data_set_autoselect_obj",
"obs_data_set_autoselect_quat = obs_data_set_autoselect_quat",
"obs_data_set_autoselect_string = obs_data_set_autoselect_string",
"obs_data_set_autoselect_vec2 = obs_data_set_autoselect_vec2",
"obs_data_set_autoselect_vec3 = obs_data_set_autoselect_vec3",
"obs_data_set_autoselect_vec4 = obs_data_set_autoselect_quat",
"obs_data_set_bool = obs_data_set_bool",
"obs_data_set_default_array = obs_data_set_default_array",
"obs_data_set_default_bool = obs_data_set_default_bool",
"obs_data_set_default_double = obs_data_set_default_double",
"obs_data_set_default_frames_per_second = obs_data_set_default_frames_per_second",
"obs_data_set_default_int = obs_data_set_default_int",
"obs_data_set_default_obj = obs_data_set_default_obj",
"obs_data_set_default_quat = obs_data_set_default_quat",
"obs_data_set_default_string = obs_data_set_default_string",
"obs_data_set_default_vec2 = obs_data_set_default_vec2",
"obs_data_set_default_vec3 = obs_data_set_default_vec3",
"obs_data_set_default_vec4 = obs_data_set_default_quat",
"obs_data_set_double = obs_data_set_double",
"obs_data_set_frames_per_second = obs_data_set_frames_per_second",
"obs_data_set_int = obs_data_set_int",
"obs_data_set_obj = obs_data_set_obj",
"obs_data_set_quat = obs_data_set_quat",
"obs_data_set_string = obs_data_set_string",
"obs_data_set_vec2 = obs_data_set_vec2",
"obs_data_set_vec3 = obs_data_set_vec3",
"obs_data_set_vec4 = obs_data_set_quat",
"obs_data_unset_autoselect_value = obs_data_unset_autoselect_value",
"obs_data_unset_default_value = obs_data_unset_default_value",
"obs_data_unset_user_value = obs_data_unset_user_value",
"obs_db_to_mul = obs_db_to_mul",
"obs_display_add_draw_callback = obs_display_add_draw_callback",
"obs_display_create = obs_display_create",
"obs_display_destroy = obs_display_destroy",
"obs_display_enabled = obs_display_enabled",
"obs_display_remove_draw_callback = obs_display_remove_draw_callback",
"obs_display_resize = obs_display_resize",
"obs_display_set_background_color = obs_display_set_background_color",
"obs_display_set_enabled = obs_display_set_enabled",
"obs_display_size = obs_display_size",
"obs_display_update_color_space = obs_display_update_color_space",
"obs_duplicate_encoder_packet = obs_duplicate_encoder_packet",
"obs_enable_source_type = obs_enable_source_type",
"obs_encoder_active = obs_encoder_active",
"obs_encoder_add_roi = obs_encoder_add_roi",
"obs_encoder_addref = obs_encoder_addref",
"obs_encoder_audio = obs_encoder_audio",
"obs_encoder_clear_roi = obs_encoder_clear_roi",
"obs_encoder_create_rerouted = obs_encoder_create_rerouted",
"obs_encoder_defaults = obs_encoder_defaults",
"obs_encoder_enum_roi = obs_encoder_enum_roi",
"obs_encoder_get_caps = obs_encoder_get_caps",
"obs_encoder_get_codec = obs_encoder_get_codec",
"obs_encoder_get_defaults = obs_encoder_get_defaults",
"obs_encoder_get_display_name = obs_encoder_get_display_name",
"obs_encoder_get_extra_data = obs_encoder_get_extra_data",
"obs_encoder_get_frame_rate_divisor = obs_encoder_get_frame_rate_divisor",
"obs_encoder_get_frame_size = obs_encoder_get_frame_size",
"obs_encoder_get_height = obs_encoder_get_height",
"obs_encoder_get_id = obs_encoder_get_id",
"obs_encoder_get_last_error = obs_encoder_get_last_error",
"obs_encoder_get_name = obs_encoder_get_name",
"obs_encoder_get_pause_offset = obs_encoder_get_pause_offset",
"obs_encoder_get_preferred_video_format = obs_encoder_get_preferred_video_format",
"obs_encoder_get_ref = obs_encoder_get_ref",
"obs_encoder_get_roi_increment = obs_encoder_get_roi_increment",
"obs_encoder_get_sample_rate = obs_encoder_get_sample_rate",
"obs_encoder_get_scale_type = obs_encoder_get_scale_type",
"obs_encoder_get_settings = obs_encoder_get_settings",
"obs_encoder_get_type = obs_encoder_get_type",
"obs_encoder_get_type_data = obs_encoder_get_type_data",
"obs_encoder_get_weak_encoder = obs_encoder_get_weak_encoder",
"obs_encoder_get_width = obs_encoder_get_width",
"obs_encoder_gpu_scaling_enabled = obs_encoder_gpu_scaling_enabled",
"obs_encoder_group_create = obs_encoder_group_create",
"obs_encoder_group_destroy = obs_encoder_group_destroy",
"obs_encoder_has_roi = obs_encoder_has_roi",
"obs_encoder_packet_ref = obs_encoder_packet_ref",
"obs_encoder_packet_release = obs_encoder_packet_release",
"obs_encoder_parent_video = obs_encoder_parent_video",
"obs_encoder_paused = obs_encoder_paused",
"obs_encoder_properties = obs_encoder_properties",
"obs_encoder_release = obs_encoder_release",
"obs_encoder_scaling_enabled = obs_encoder_scaling_enabled",
"obs_encoder_set_audio = obs_encoder_set_audio",
"obs_encoder_set_frame_rate_divisor = obs_encoder_set_frame_rate_divisor",
"obs_encoder_set_gpu_scale_type = obs_encoder_set_gpu_scale_type",
"obs_encoder_set_group = obs_encoder_set_group",
"obs_encoder_set_last_error = obs_encoder_set_last_error",
"obs_encoder_set_name = obs_encoder_set_name",
"obs_encoder_set_preferred_video_format = obs_encoder_set_preferred_video_format",
"obs_encoder_set_scaled_size = obs_encoder_set_scaled_size",
"obs_encoder_set_video = obs_encoder_set_video",
"obs_encoder_update = obs_encoder_update",
"obs_encoder_video = obs_encoder_video",
"obs_enter_graphics = obs_enter_graphics",
"obs_enum_all_sources = obs_enum_all_sources",
"obs_enum_audio_monitoring_devices = obs_enum_audio_monitoring_devices",
"obs_enum_encoder_types = obs_enum_encoder_types",
"obs_enum_encoders = obs_enum_encoders",
"obs_enum_filter_types = obs_enum_filter_types",
"obs_enum_hotkey_bindings = obs_enum_hotkey_bindings",
"obs_enum_hotkeys = obs_enum_hotkeys",
"obs_enum_input_types = obs_enum_input_types",
"obs_enum_input_types2 = obs_enum_input_types2",
"obs_enum_modules = obs_enum_modules",
"obs_enum_output_protocols = obs_enum_output_protocols",
"obs_enum_output_types = obs_enum_output_types",
"obs_enum_output_types_with_protocol = obs_enum_output_types_with_protocol",
"obs_enum_outputs = obs_enum_outputs",
"obs_enum_scenes = obs_enum_scenes",
"obs_enum_service_types = obs_enum_service_types",
"obs_enum_services = obs_enum_services",
"obs_enum_source_types = obs_enum_source_types",
"obs_enum_sources = obs_enum_sources",
"obs_enum_transition_types = obs_enum_transition_types",
"obs_extract_av1_headers = obs_extract_av1_headers",
"obs_extract_avc_headers = obs_extract_avc_headers",
"obs_extract_hevc_headers = obs_extract_hevc_headers",
"obs_fader_add_callback = obs_fader_add_callback",
"obs_fader_attach_source = obs_fader_attach_source",
"obs_fader_create = obs_fader_create",
"obs_fader_db_to_def = obs_fader_db_to_def",
"obs_fader_destroy = obs_fader_destroy",
"obs_fader_detach_source = obs_fader_detach_source",
"obs_fader_get_db = obs_fader_get_db",
"obs_fader_get_deflection = obs_fader_get_deflection",
"obs_fader_get_mul = obs_fader_get_mul",
"obs_fader_remove_callback = obs_fader_remove_callback",
"obs_fader_set_db = obs_fader_set_db",
"obs_fader_set_deflection = obs_fader_set_deflection",
"obs_fader_set_mul = obs_fader_set_mul",
"obs_filter_get_parent = obs_filter_get_parent",
"obs_filter_get_target = obs_filter_get_target",
"obs_find_data_file = obs_find_data_file",
"obs_find_module_file = obs_find_module_file",
"obs_find_modules = obs_find_modules",
"obs_find_modules2 = obs_find_modules2",
"obs_free_encoder_packet = obs_encoder_packet_release",
"obs_get_active_fps = obs_get_active_fps",
"obs_get_audio = obs_get_audio",
"obs_get_audio_info = obs_get_audio_info",
"obs_get_audio_monitoring_device = obs_get_audio_monitoring_device",
"obs_get_average_frame_time_ns = obs_get_average_frame_time_ns",
"obs_get_base_effect = obs_get_base_effect",
"obs_get_cmdline_args = obs_get_cmdline_args",
"obs_get_default_rect_effect = obs_get_default_rect_effect",
"obs_get_encoder_by_name = obs_get_encoder_by_name",
"obs_get_encoder_caps = obs_get_encoder_caps",
"obs_get_encoder_codec = obs_get_encoder_codec",
"obs_get_encoder_properties = obs_get_encoder_properties",
"obs_get_encoder_type = obs_get_encoder_type",
"obs_get_frame_interval_ns = obs_get_frame_interval_ns",
"obs_get_lagged_frames = obs_get_lagged_frames",
"obs_get_latest_input_type_id = obs_get_latest_input_type_id",
"obs_get_locale = obs_get_locale",
"obs_get_main_texture = obs_get_main_texture",
"obs_get_master_volume = obs_get_master_volume",
"obs_get_module = obs_get_module",
"obs_get_module_author = obs_get_module_author",
"obs_get_module_binary_path = obs_data_array_count",
"obs_get_module_data_path = obs_get_module_data_path",
"obs_get_module_description = obs_get_module_description",
"obs_get_module_file_name = obs_data_get_last_json",
"obs_get_module_lib = gs_effect_get_num_params",
"obs_get_module_name = obs_get_module_name",
"obs_get_output_by_name = obs_get_output_by_name",
"obs_get_output_flags = obs_get_output_flags",
"obs_get_output_properties = obs_get_output_properties",
"obs_get_output_source = obs_get_output_source",
"obs_get_output_supported_audio_codecs = obs_get_output_supported_audio_codecs",
"obs_get_output_supported_video_codecs = obs_get_output_supported_video_codecs",
"obs_get_private_data = obs_get_private_data",
"obs_get_proc_handler = obs_get_proc_handler",
"obs_get_profiler_name_store = obs_get_profiler_name_store",
"obs_get_service_by_name = obs_get_service_by_name",
"obs_get_service_properties = obs_get_service_properties",
"obs_get_signal_handler = obs_get_signal_handler",
"obs_get_source_by_name = obs_get_source_by_name",
"obs_get_source_by_uuid = obs_get_source_by_uuid",
"obs_get_source_defaults = obs_get_source_defaults",
"obs_get_source_output_flags = obs_get_source_output_flags",
"obs_get_source_properties = obs_get_source_properties",
"obs_get_total_frames = obs_get_total_frames",
"obs_get_transition_by_name = obs_get_transition_by_name",
"obs_get_transition_by_uuid = obs_get_transition_by_uuid",
"obs_get_version = obs_get_version",
"obs_get_version_string = obs_get_version_string",
"obs_get_video = obs_get_video",
"obs_get_video_frame_time = obs_get_video_frame_time",
"obs_get_video_hdr_nominal_peak_level = obs_get_video_hdr_nominal_peak_level",
"obs_get_video_info = obs_get_video_info",
"obs_get_video_sdr_white_level = obs_get_video_sdr_white_level",
"obs_group_from_source = obs_group_from_source",
"obs_hevc_keyframe = obs_hevc_keyframe",
"obs_hotkey_binding_get_hotkey = obs_hotkey_binding_get_hotkey",
"obs_hotkey_binding_get_hotkey_id = obs_fader_db_to_def",
"obs_hotkey_binding_get_key_combination = obs_hotkey_binding_get_key_combination",
"obs_hotkey_enable_background_press = obs_hotkey_enable_background_press",
"obs_hotkey_enable_callback_rerouting = obs_hotkey_enable_callback_rerouting",
"obs_hotkey_enable_strict_modifiers = obs_hotkey_enable_strict_modifiers",
"obs_hotkey_get_description = obs_fader_db_to_def",
"obs_hotkey_get_id = obs_hotkey_binding_get_key_combination",
"obs_hotkey_get_name = obs_hotkey_get_name",
"obs_hotkey_get_pair_partner_id = audio_output_get_planes",
"obs_hotkey_get_registerer = audio_output_get_channels",
"obs_hotkey_get_registerer_type = gs_texrender_get_format",
"obs_hotkey_inject_event = obs_hotkey_inject_event",
"obs_hotkey_load = obs_hotkey_load",
"obs_hotkey_load_bindings = obs_hotkey_load_bindings",
"obs_hotkey_pair_load = obs_hotkey_pair_load",
"obs_hotkey_pair_register_encoder = obs_hotkey_pair_register_encoder",
"obs_hotkey_pair_register_frontend = obs_hotkey_pair_register_frontend",
"obs_hotkey_pair_register_output = obs_hotkey_pair_register_output",
"obs_hotkey_pair_register_service = obs_hotkey_pair_register_service",
"obs_hotkey_pair_register_source = obs_hotkey_pair_register_source",
"obs_hotkey_pair_save = obs_hotkey_pair_save",
"obs_hotkey_pair_set_descriptions = obs_hotkey_pair_set_descriptions",
"obs_hotkey_pair_set_names = obs_hotkey_pair_set_names",
"obs_hotkey_pair_unregister = obs_hotkey_pair_unregister",
"obs_hotkey_register_encoder = obs_hotkey_register_encoder",
"obs_hotkey_register_frontend = obs_hotkey_register_frontend",
"obs_hotkey_register_output = obs_hotkey_register_output",
"obs_hotkey_register_service = obs_hotkey_register_service",
"obs_hotkey_register_source = obs_hotkey_register_source",
"obs_hotkey_save = obs_hotkey_save",
"obs_hotkey_set_callback_routing_func = obs_hotkey_set_callback_routing_func",
"obs_hotkey_set_description = obs_hotkey_set_description",
"obs_hotkey_set_name = obs_hotkey_set_name",
"obs_hotkey_trigger_routed_callback = obs_hotkey_trigger_routed_callback",
"obs_hotkey_unregister = obs_hotkey_unregister",
"obs_hotkey_update_atomic = obs_hotkey_update_atomic",
"obs_hotkeys_load_encoder = obs_hotkeys_load_encoder",
"obs_hotkeys_load_output = obs_hotkeys_load_encoder",
"obs_hotkeys_load_service = obs_hotkeys_load_encoder",
"obs_hotkeys_load_source = obs_hotkeys_load_encoder",
"obs_hotkeys_save_encoder = obs_hotkeys_save_encoder",
"obs_hotkeys_save_output = obs_hotkeys_save_encoder",
"obs_hotkeys_save_service = obs_hotkeys_save_encoder",
"obs_hotkeys_save_source = obs_hotkeys_save_encoder",
"obs_hotkeys_set_audio_hotkeys_translations = obs_hotkeys_set_audio_hotkeys_translations",
"obs_hotkeys_set_sceneitem_hotkeys_translations = obs_hotkeys_set_sceneitem_hotkeys_translations",
"obs_hotkeys_set_translations_s = obs_hotkeys_set_translations_s",
"obs_in_task_thread = obs_in_task_thread",
"obs_init_module = obs_init_module",
"obs_init_win32_crash_handler = obs_init_win32_crash_handler",
"obs_initialized = obs_initialized",
"obs_is_output_protocol_registered = obs_is_output_protocol_registered",
"obs_is_source_configurable = obs_is_source_configurable",
"obs_key_combination_to_str = obs_key_combination_to_str",
"obs_key_from_name = obs_key_from_name",
"obs_key_from_virtual_key = obs_key_from_virtual_key",
"obs_key_to_name = obs_key_to_name",
"obs_key_to_str = obs_key_to_str",
"obs_key_to_virtual_key = obs_key_to_virtual_key",
"obs_leave_graphics = obs_leave_graphics",
"obs_load_all_modules = obs_load_all_modules",
"obs_load_all_modules2 = obs_load_all_modules2",
"obs_load_private_source = obs_load_private_source",
"obs_load_source = obs_load_source",
"obs_load_sources = obs_load_sources",
"obs_log_loaded_modules = obs_log_loaded_modules",
"obs_missing_file_create = obs_missing_file_create",
"obs_missing_file_destroy = obs_missing_file_destroy",
"obs_missing_file_get_path = obs_hotkey_get_name",
"obs_missing_file_get_source_name = audio_output_get_block_size",
"obs_missing_file_issue_callback = obs_missing_file_issue_callback",
"obs_missing_file_release = obs_missing_file_release",
"obs_missing_files_add_file = obs_missing_files_add_file",
"obs_missing_files_append = obs_missing_files_append",
"obs_missing_files_count = obs_hotkey_get_name",
"obs_missing_files_create = obs_missing_files_create",
"obs_missing_files_destroy = obs_missing_files_destroy",
"obs_missing_files_get_file = obs_missing_files_get_file",
"obs_module_failure_info_free = obs_module_failure_info_free",
"obs_module_get_config_path = obs_module_get_config_path",
"obs_module_get_locale_string = obs_module_get_locale_string",
"obs_module_get_locale_text = obs_module_get_locale_text",
"obs_module_load_locale = obs_module_load_locale",
"obs_mul_to_db = obs_mul_to_db",
"obs_nal_find_startcode = obs_nal_find_startcode",
"obs_nv12_tex_active = obs_nv12_tex_active",
"obs_obj_get_data = obs_obj_get_data",
"obs_obj_get_id = obs_obj_get_id",
"obs_obj_get_type = obs_obj_get_type",
"obs_obj_invalid = obs_obj_invalid",
"obs_obj_is_private = obs_obj_is_private",
"obs_object_get_ref = obs_encoder_get_ref",
"obs_object_get_weak_object = obs_encoder_get_weak_encoder",
"obs_object_release = obs_object_release",
"obs_open_module = obs_open_module",
"obs_output_active = obs_output_active",
"obs_output_addref = obs_encoder_addref",
"obs_output_audio = obs_output_audio",
"obs_output_begin_data_capture = obs_output_begin_data_capture",
"obs_output_can_begin_data_capture = obs_output_can_begin_data_capture",
"obs_output_can_pause = obs_output_can_pause",
"obs_output_caption = obs_output_caption",
"obs_output_create = obs_output_create",
"obs_output_defaults = obs_output_defaults",
"obs_output_end_data_capture = obs_output_end_data_capture",
"obs_output_force_stop = obs_output_force_stop",
"obs_output_get_active_delay = obs_output_get_active_delay",
"obs_output_get_audio_encoder = obs_output_get_audio_encoder",
"obs_output_get_congestion = obs_output_get_congestion",
"obs_output_get_connect_time_ms = obs_output_get_connect_time_ms",
"obs_output_get_delay = obs_output_get_delay",
"obs_output_get_display_name = obs_output_get_display_name",
"obs_output_get_flags = obs_output_get_flags",
"obs_output_get_frames_dropped = obs_output_get_frames_dropped",
"obs_output_get_height = obs_output_get_height",
"obs_output_get_height2 = obs_output_get_height2",
"obs_output_get_id = obs_output_get_id",
"obs_output_get_last_error = obs_output_get_last_error",
"obs_output_get_mixer = obs_output_get_mixer",
"obs_output_get_mixers = obs_output_get_mixers",
"obs_output_get_name = obs_output_get_name",
"obs_output_get_pause_offset = obs_output_get_pause_offset",
"obs_output_get_proc_handler = obs_output_get_proc_handler",
"obs_output_get_protocols = obs_output_get_protocols",
"obs_output_get_ref = obs_encoder_get_ref",
"obs_output_get_service = obs_output_get_service",
"obs_output_get_settings = obs_output_get_settings",
"obs_output_get_signal_handler = obs_output_get_signal_handler",
"obs_output_get_supported_audio_codecs = obs_output_get_supported_audio_codecs",
"obs_output_get_supported_video_codecs = obs_output_get_supported_video_codecs",
"obs_output_get_total_bytes = obs_output_get_total_bytes",
"obs_output_get_total_frames = obs_output_get_total_frames",
"obs_output_get_type_data = obs_output_get_type_data",
"obs_output_get_video_conversion = obs_output_get_video_conversion",
"obs_output_get_video_encoder = obs_output_get_video_encoder",
"obs_output_get_video_encoder2 = obs_output_get_video_encoder2",
"obs_output_get_weak_output = obs_encoder_get_weak_encoder",
"obs_output_get_width = obs_output_get_width",
"obs_output_get_width2 = obs_output_get_width2",
"obs_output_initialize_encoders = obs_output_initialize_encoders",
"obs_output_output_caption_text1 = obs_output_output_caption_text1",
"obs_output_output_caption_text2 = obs_output_output_caption_text2",
"obs_output_pause = obs_output_pause",
"obs_output_paused = obs_output_paused",
"obs_output_properties = obs_output_properties",
"obs_output_reconnecting = obs_output_reconnecting",
"obs_output_release = obs_output_release",
"obs_output_set_audio_conversion = obs_output_set_audio_conversion",
"obs_output_set_audio_encoder = obs_output_set_audio_encoder",
"obs_output_set_delay = obs_output_set_delay",
"obs_output_set_last_error = obs_output_set_last_error",
"obs_output_set_media = obs_output_set_media",
"obs_output_set_mixer = obs_output_set_mixer",
"obs_output_set_mixers = obs_output_set_mixers",
"obs_output_set_preferred_size = obs_output_set_preferred_size",
"obs_output_set_preferred_size2 = obs_output_set_preferred_size2",
"obs_output_set_reconnect_settings = obs_output_set_reconnect_settings",
"obs_output_set_service = obs_output_set_service",
"obs_output_set_video_conversion = obs_output_set_video_conversion",
"obs_output_set_video_encoder = obs_output_set_video_encoder",
"obs_output_set_video_encoder2 = obs_output_set_video_encoder2",
"obs_output_signal_stop = obs_output_signal_stop",
"obs_output_start = obs_output_start",
"obs_output_stop = obs_output_stop",
"obs_output_update = obs_output_update",
"obs_output_video = obs_output_video",
"obs_p010_tex_active = obs_p010_tex_active",
"obs_parse_avc_header = obs_parse_avc_header",
"obs_parse_avc_packet = obs_parse_avc_packet",
"obs_parse_avc_packet_priority = obs_parse_avc_packet_priority",
"obs_parse_hevc_packet = obs_parse_hevc_packet",
"obs_parse_hevc_packet_priority = obs_parse_hevc_packet_priority",
"obs_post_load_modules = obs_post_load_modules",
"obs_properties_add_bool = obs_properties_add_bool",
"obs_properties_add_button = obs_properties_add_button",
"obs_properties_add_button2 = obs_properties_add_button2",
"obs_properties_add_color = obs_properties_add_color",
"obs_properties_add_color_alpha = obs_properties_add_color_alpha",
"obs_properties_add_editable_list = obs_properties_add_editable_list",
"obs_properties_add_float = obs_properties_add_float",
"obs_properties_add_float_slider = obs_properties_add_float_slider",
"obs_properties_add_font = obs_properties_add_font",
"obs_properties_add_frame_rate = obs_properties_add_frame_rate",
"obs_properties_add_group = obs_properties_add_group",
"obs_properties_add_int = obs_properties_add_int",
"obs_properties_add_int_slider = obs_properties_add_int_slider",
"obs_properties_add_list = obs_properties_add_list",
"obs_properties_add_path = obs_properties_add_path",
"obs_properties_add_text = obs_properties_add_text",
"obs_properties_apply_settings = obs_properties_apply_settings",
"obs_properties_create = obs_properties_create",
"obs_properties_create_param = obs_properties_create_param",
"obs_properties_destroy = obs_properties_destroy",
"obs_properties_first = obs_get_module_data_path",
"obs_properties_get = obs_properties_get",
"obs_properties_get_flags = obs_properties_get_flags",
"obs_properties_get_param = gs_texrender_get_texture",
"obs_properties_get_parent = obs_properties_get_parent",
"obs_properties_remove_by_name = obs_properties_remove_by_name",
"obs_properties_set_flags = obs_properties_set_flags",
"obs_properties_set_param = obs_properties_set_param",
"obs_property_button_clicked = obs_property_button_clicked",
"obs_property_button_set_type = obs_property_button_set_type",
"obs_property_button_set_url = obs_property_button_set_url",
"obs_property_button_type = obs_property_button_type",
"obs_property_button_url = obs_property_button_url",
"obs_property_description = obs_data_get_last_json",
"obs_property_editable_list_default_path = obs_property_editable_list_default_path",
"obs_property_editable_list_filter = obs_property_editable_list_filter",
"obs_property_editable_list_type = obs_property_editable_list_type",
"obs_property_enabled = obs_property_enabled",
"obs_property_float_max = obs_property_float_max",
"obs_property_float_min = obs_property_float_min",
"obs_property_float_set_limits = obs_property_float_set_limits",
"obs_property_float_set_suffix = obs_property_float_set_suffix",
"obs_property_float_step = obs_property_float_step",
"obs_property_float_suffix = obs_property_float_suffix",
"obs_property_float_type = obs_property_float_type",
"obs_property_frame_rate_clear = obs_property_frame_rate_clear",
"obs_property_frame_rate_fps_range_add = obs_property_frame_rate_fps_range_add",
"obs_property_frame_rate_fps_range_insert = obs_property_frame_rate_fps_range_insert",
"obs_property_frame_rate_fps_range_max = obs_property_frame_rate_fps_range_max",
"obs_property_frame_rate_fps_range_min = obs_property_frame_rate_fps_range_min",
"obs_property_frame_rate_fps_ranges_clear = obs_property_frame_rate_fps_ranges_clear",
"obs_property_frame_rate_fps_ranges_count = obs_property_frame_rate_fps_ranges_count",
"obs_property_frame_rate_option_add = obs_property_frame_rate_option_add",
"obs_property_frame_rate_option_description = obs_property_frame_rate_option_description",
"obs_property_frame_rate_option_insert = obs_property_frame_rate_option_insert",
"obs_property_frame_rate_option_name = obs_property_frame_rate_option_name",
"obs_property_frame_rate_options_clear = obs_property_frame_rate_options_clear",
"obs_property_frame_rate_options_count = obs_property_frame_rate_options_count",
"obs_property_get_type = obs_property_get_type",
"obs_property_group_content = obs_property_group_content",
"obs_property_group_type = obs_property_group_type",
"obs_property_int_max = obs_property_int_max",
"obs_property_int_min = obs_property_int_min",
"obs_property_int_set_limits = obs_property_int_set_limits",
"obs_property_int_set_suffix = obs_property_int_set_suffix",
"obs_property_int_step = obs_property_int_step",
"obs_property_int_suffix = obs_property_int_suffix",
"obs_property_int_type = obs_property_int_type",
"obs_property_list_add_bool = obs_property_list_add_bool",
"obs_property_list_add_float = obs_property_list_add_float",
"obs_property_list_add_int = obs_property_list_add_int",
"obs_property_list_add_string = obs_property_list_add_string",
"obs_property_list_clear = obs_property_list_clear",
"obs_property_list_format = obs_property_list_format",
"obs_property_list_insert_bool = obs_property_list_insert_bool",
"obs_property_list_insert_float = obs_property_list_insert_float",
"obs_property_list_insert_int = obs_property_list_insert_int",
"obs_property_list_insert_string = obs_property_list_insert_string",
"obs_property_list_item_bool = obs_property_list_item_bool",
"obs_property_list_item_count = obs_property_list_item_count",
"obs_property_list_item_disable = obs_property_list_item_disable",
"obs_property_list_item_disabled = obs_property_list_item_disabled",
"obs_property_list_item_float = obs_property_list_item_float",
"obs_property_list_item_int = obs_property_list_item_int",
"obs_property_list_item_name = obs_property_list_item_name",
"obs_property_list_item_remove = obs_property_list_item_remove",
"obs_property_list_item_string = obs_property_list_item_string",
"obs_property_list_type = obs_property_list_type",
"obs_property_long_description = obs_data_array_count",
"obs_property_modified = obs_property_modified",
"obs_property_name = gs_texrender_get_texture",
"obs_property_next = obs_property_next",
"obs_property_path_default_path = obs_property_path_default_path",
"obs_property_path_filter = obs_property_path_filter",
"obs_property_path_type = obs_property_path_type",
"obs_property_set_description = obs_property_set_description",
"obs_property_set_enabled = obs_property_set_enabled",
"obs_property_set_long_description = obs_property_set_long_description",
"obs_property_set_modified_callback = obs_property_set_modified_callback",
"obs_property_set_modified_callback2 = obs_property_set_modified_callback2",
"obs_property_set_visible = obs_property_set_visible",
"obs_property_text_info_type = obs_property_text_info_type",
"obs_property_text_info_word_wrap = obs_property_text_info_word_wrap",
"obs_property_text_monospace = obs_property_text_monospace",
"obs_property_text_set_info_type = obs_property_text_set_info_type",
"obs_property_text_set_info_word_wrap = obs_property_text_set_info_word_wrap",
"obs_property_text_set_monospace = obs_property_text_set_monospace",
"obs_property_text_type = obs_property_text_type",
"obs_property_visible = obs_property_visible",
"obs_proprety_text_type = obs_property_text_type",
"obs_queue_task = obs_queue_task",
"obs_register_encoder_s = obs_register_encoder_s",
"obs_register_output_s = obs_register_output_s",
"obs_register_service_s = obs_register_service_s",
"obs_register_source_s = obs_register_source_s",
"obs_remove_data_path = obs_remove_data_path",
"obs_remove_main_render_callback = obs_remove_main_render_callback",
"obs_remove_main_rendered_callback = obs_remove_main_rendered_callback",
"obs_remove_raw_audio_callback = obs_remove_raw_audio_callback",
"obs_remove_raw_video_callback = obs_remove_raw_video_callback",
"obs_remove_tick_callback = obs_remove_tick_callback",
"obs_render_main_texture = obs_render_main_texture",
"obs_render_main_texture_src_color_only = obs_render_main_texture_src_color_only",
"obs_render_main_view = obs_render_main_view",
"obs_reset_audio = obs_reset_audio",
"obs_reset_audio2 = obs_reset_audio2",
"obs_reset_audio_monitoring = obs_reset_audio_monitoring",
"obs_reset_source_uuids = obs_reset_source_uuids",
"obs_reset_video = obs_reset_video",
"obs_save_source = obs_save_source",
"obs_save_sources = obs_save_sources",
"obs_save_sources_filtered = obs_save_sources_filtered",
"obs_scene_add = obs_scene_add",
"obs_scene_add_group = obs_scene_add_group",
"obs_scene_add_group2 = obs_scene_add_group2",
"obs_scene_addref = obs_scene_addref",
"obs_scene_atomic_update = obs_scene_atomic_update",
"obs_scene_create = obs_scene_create",
"obs_scene_create_private = obs_scene_create_private",
"obs_scene_duplicate = obs_scene_duplicate",
"obs_scene_enum_items = obs_scene_enum_items",
"obs_scene_find_sceneitem_by_id = obs_scene_find_sceneitem_by_id",
"obs_scene_find_source = obs_scene_find_source",
"obs_scene_find_source_recursive = obs_scene_find_source_recursive",
"obs_scene_from_source = obs_scene_from_source",
"obs_scene_get_group = obs_scene_get_group",
"obs_scene_get_ref = obs_scene_get_ref",
"obs_scene_get_source = gs_texrender_get_texture",
"obs_scene_insert_group = obs_scene_insert_group",
"obs_scene_insert_group2 = obs_scene_insert_group2",
"obs_scene_is_group = obs_scene_is_group",
"obs_scene_load_transform_states = obs_scene_load_transform_states",
"obs_scene_prune_sources = obs_scene_prune_sources",
"obs_scene_release = obs_scene_release",
"obs_scene_reorder_items = obs_scene_reorder_items",
"obs_scene_reorder_items2 = obs_scene_reorder_items2",
"obs_scene_save_transform_states = obs_scene_save_transform_states",
"obs_scene_sceneitem_from_source = obs_scene_sceneitem_from_source",
"obs_sceneitem_addref = obs_data_addref",
"obs_sceneitem_defer_group_resize_begin = obs_sceneitem_defer_group_resize_begin",
"obs_sceneitem_defer_group_resize_end = obs_sceneitem_defer_group_resize_end",
"obs_sceneitem_defer_update_begin = obs_sceneitem_defer_update_begin",
"obs_sceneitem_defer_update_end = obs_sceneitem_defer_update_end",
"obs_sceneitem_do_transition = obs_sceneitem_do_transition",
"obs_sceneitem_force_update_transform = obs_sceneitem_force_update_transform",
"obs_sceneitem_get_alignment = obs_sceneitem_get_alignment",
"obs_sceneitem_get_blending_method = obs_sceneitem_get_blending_method",
"obs_sceneitem_get_blending_mode = obs_sceneitem_get_blending_mode",
"obs_sceneitem_get_bounds = obs_sceneitem_get_bounds",
"obs_sceneitem_get_bounds_alignment = obs_sceneitem_get_bounds_alignment",
"obs_sceneitem_get_bounds_crop = obs_sceneitem_get_bounds_crop",
"obs_sceneitem_get_bounds_type = obs_sceneitem_get_bounds_type",
"obs_sceneitem_get_box_scale = obs_sceneitem_get_box_scale",
"obs_sceneitem_get_box_transform = obs_sceneitem_get_box_transform",
"obs_sceneitem_get_crop = obs_sceneitem_get_crop",
"obs_sceneitem_get_draw_transform = obs_sceneitem_get_draw_transform",
"obs_sceneitem_get_group = obs_sceneitem_get_group",
"obs_sceneitem_get_hide_transition = obs_sceneitem_get_hide_transition",
"obs_sceneitem_get_hide_transition_duration = obs_sceneitem_get_hide_transition_duration",
"obs_sceneitem_get_id = obs_sceneitem_get_id",
"obs_sceneitem_get_info = obs_sceneitem_get_info",
"obs_sceneitem_get_info2 = obs_sceneitem_get_info2",
"obs_sceneitem_get_order_position = obs_sceneitem_get_order_position",
"obs_sceneitem_get_pos = obs_sceneitem_get_pos",
"obs_sceneitem_get_private_settings = obs_sceneitem_get_private_settings",
"obs_sceneitem_get_rot = obs_sceneitem_get_rot",
"obs_sceneitem_get_scale = obs_sceneitem_get_scale",
"obs_sceneitem_get_scale_filter = obs_sceneitem_get_scale_filter",
"obs_sceneitem_get_scene = obs_data_array_count",
"obs_sceneitem_get_show_transition = obs_sceneitem_get_show_transition",
"obs_sceneitem_get_show_transition_duration = obs_sceneitem_get_show_transition_duration",
"obs_sceneitem_get_source = obs_get_module_data_path",
"obs_sceneitem_get_transition = obs_sceneitem_get_transition",
"obs_sceneitem_get_transition_duration = obs_sceneitem_get_transition_duration",
"obs_sceneitem_group_add_item = obs_sceneitem_group_add_item",
"obs_sceneitem_group_enum_items = obs_sceneitem_group_enum_items",
"obs_sceneitem_group_get_scene = obs_sceneitem_group_get_scene",
"obs_sceneitem_group_remove_item = obs_sceneitem_group_remove_item",
"obs_sceneitem_group_ungroup = obs_sceneitem_group_ungroup",
"obs_sceneitem_group_ungroup2 = obs_sceneitem_group_ungroup2",
"obs_sceneitem_is_group = obs_sceneitem_is_group",
"obs_sceneitem_locked = obs_sceneitem_locked",
"obs_sceneitem_release = obs_sceneitem_release",
"obs_sceneitem_remove = obs_sceneitem_remove",
"obs_sceneitem_save = obs_sceneitem_save",
"obs_sceneitem_select = obs_sceneitem_select",
"obs_sceneitem_selected = obs_sceneitem_selected",
"obs_sceneitem_set_alignment = obs_sceneitem_set_alignment",
"obs_sceneitem_set_blending_method = obs_sceneitem_set_blending_method",
"obs_sceneitem_set_blending_mode = obs_sceneitem_set_blending_mode",
"obs_sceneitem_set_bounds = obs_sceneitem_set_bounds",
"obs_sceneitem_set_bounds_alignment = obs_sceneitem_set_bounds_alignment",
"obs_sceneitem_set_bounds_crop = obs_sceneitem_set_bounds_crop",
"obs_sceneitem_set_bounds_type = obs_sceneitem_set_bounds_type",
"obs_sceneitem_set_crop = obs_sceneitem_set_crop",
"obs_sceneitem_set_hide_transition = obs_sceneitem_set_hide_transition",
"obs_sceneitem_set_hide_transition_duration = obs_sceneitem_set_hide_transition_duration",
"obs_sceneitem_set_id = obs_sceneitem_set_id",
"obs_sceneitem_set_info = obs_sceneitem_set_info",
"obs_sceneitem_set_info2 = obs_sceneitem_set_info2",
"obs_sceneitem_set_locked = obs_sceneitem_set_locked",
"obs_sceneitem_set_order = obs_sceneitem_set_order",
"obs_sceneitem_set_order_position = obs_sceneitem_set_order_position",
"obs_sceneitem_set_pos = obs_sceneitem_set_pos",
"obs_sceneitem_set_rot = obs_sceneitem_set_rot",
"obs_sceneitem_set_scale = obs_sceneitem_set_scale",
"obs_sceneitem_set_scale_filter = obs_sceneitem_set_scale_filter",
"obs_sceneitem_set_show_transition = obs_sceneitem_set_show_transition",
"obs_sceneitem_set_show_transition_duration = obs_sceneitem_set_show_transition_duration",
"obs_sceneitem_set_transition = obs_sceneitem_set_transition",
"obs_sceneitem_set_transition_duration = obs_sceneitem_set_transition_duration",
"obs_sceneitem_set_visible = obs_sceneitem_set_visible",
"obs_sceneitem_transition_load = obs_sceneitem_transition_load",
"obs_sceneitem_transition_save = obs_sceneitem_transition_save",
"obs_sceneitem_visible = obs_sceneitem_visible",
"obs_sceneitems_add = obs_sceneitems_add",
"obs_service_addref = obs_encoder_addref",
"obs_service_apply_encoder_settings = obs_service_apply_encoder_settings",
"obs_service_can_try_to_connect = obs_service_can_try_to_connect",
"obs_service_create = obs_service_create",
"obs_service_create_private = obs_service_create_private",
"obs_service_defaults = obs_service_defaults",
"obs_service_get_connect_info = obs_service_get_connect_info",
"obs_service_get_display_name = obs_service_get_display_name",
"obs_service_get_id = obs_service_get_id",
"obs_service_get_key = obs_service_get_key",
"obs_service_get_max_bitrate = obs_service_get_max_bitrate",
"obs_service_get_max_fps = obs_service_get_max_fps",
"obs_service_get_name = obs_service_get_name",
"obs_service_get_output_type = obs_service_get_output_type",
"obs_service_get_password = obs_service_get_password",
"obs_service_get_preferred_output_type = obs_service_get_output_type",
"obs_service_get_protocol = obs_service_get_protocol",
"obs_service_get_ref = obs_encoder_get_ref",
"obs_service_get_settings = obs_service_get_settings",
"obs_service_get_supported_audio_codecs = obs_service_get_supported_audio_codecs",
"obs_service_get_supported_resolutions = obs_service_get_supported_resolutions",
"obs_service_get_supported_video_codecs = obs_service_get_supported_video_codecs",
"obs_service_get_type = obs_service_get_type",
"obs_service_get_type_data = obs_service_get_type_data",
"obs_service_get_url = obs_service_get_url",
"obs_service_get_username = obs_service_get_username",
"obs_service_get_weak_service = obs_encoder_get_weak_encoder",
"obs_service_properties = obs_service_properties",
"obs_service_release = obs_service_release",
"obs_service_update = obs_service_update",
"obs_set_audio_monitoring_device = obs_set_audio_monitoring_device",
"obs_set_cmdline_args = obs_set_cmdline_args",
"obs_set_locale = obs_set_locale",
"obs_set_master_volume = _guard_check_icall_nop",
"obs_set_output_source = obs_set_output_source",
"obs_set_private_data = obs_set_private_data",
"obs_set_ui_task_handler = obs_set_ui_task_handler",
"obs_set_video_levels = obs_set_video_levels",
"obs_shutdown = obs_shutdown",
"obs_source_active = obs_source_active",
"obs_source_add_active_child = obs_source_add_active_child",
"obs_source_add_audio_capture_callback = obs_source_add_audio_capture_callback",
"obs_source_add_audio_pause_callback = obs_source_add_audio_pause_callback",
"obs_source_add_caption_callback = obs_source_add_caption_callback",
"obs_source_addref = obs_encoder_addref",
"obs_source_async_decoupled = obs_source_async_decoupled",
"obs_source_async_unbuffered = obs_source_async_unbuffered",
"obs_source_audio_active = obs_source_audio_active",
"obs_source_audio_pending = obs_source_audio_pending",
"obs_source_backup_filters = obs_source_backup_filters",
"obs_source_configurable = obs_source_configurable",
"obs_source_copy_filters = obs_source_copy_filters",
"obs_source_copy_single_filter = obs_source_copy_single_filter",
"obs_source_create = obs_source_create",
"obs_source_create_private = obs_source_create_private",
"obs_source_dec_active = obs_source_dec_active",
"obs_source_dec_showing = obs_source_dec_showing",
"obs_source_default_render = obs_source_default_render",
"obs_source_draw = obs_source_draw",
"obs_source_draw_set_color_matrix = obs_source_draw_set_color_matrix",
"obs_source_duplicate = obs_source_duplicate",
"obs_source_enable_push_to_mute = obs_source_enable_push_to_mute",
"obs_source_enable_push_to_talk = obs_source_enable_push_to_talk",
"obs_source_enabled = obs_source_enabled",
"obs_source_enum_active_sources = obs_source_enum_active_sources",
"obs_source_enum_active_tree = obs_source_enum_active_tree",
"obs_source_enum_filters = obs_source_enum_filters",
"obs_source_enum_full_tree = obs_source_enum_full_tree",
"obs_source_filter_add = obs_source_filter_add",
"obs_source_filter_count = obs_source_filter_count",
"obs_source_filter_get_index = obs_source_filter_get_index",
"obs_source_filter_remove = obs_source_filter_remove",
"obs_source_filter_set_index = obs_source_filter_set_index",
"obs_source_filter_set_order = obs_source_filter_set_order",
"obs_source_frame_copy = obs_source_frame_copy",
"obs_source_frame_init = obs_source_frame_init",
"obs_source_get_audio_mix = obs_source_get_audio_mix",
"obs_source_get_audio_mixers = obs_source_get_audio_mixers",
"obs_source_get_audio_timestamp = obs_source_get_audio_timestamp",
"obs_source_get_balance_value = obs_source_get_balance_value",
"obs_source_get_base_height = obs_source_get_base_height",
"obs_source_get_base_width = obs_source_get_base_width",
"obs_source_get_color_space = obs_source_get_color_space",
"obs_source_get_deinterlace_field_order = obs_source_get_deinterlace_field_order",
"obs_source_get_deinterlace_mode = obs_source_get_deinterlace_mode",
"obs_source_get_display_name = obs_source_get_display_name",
"obs_source_get_filter_by_name = obs_source_get_filter_by_name",
"obs_source_get_flags = obs_source_get_flags",
"obs_source_get_frame = obs_source_get_frame",
"obs_source_get_height = obs_source_get_height",
"obs_source_get_icon_type = obs_source_get_icon_type",
"obs_source_get_id = obs_source_get_id",
"obs_source_get_last_obs_version = obs_source_get_last_obs_version",
"obs_source_get_missing_files = obs_source_get_missing_files",
"obs_source_get_monitoring_type = obs_source_get_monitoring_type",
"obs_source_get_name = obs_source_get_name",
"obs_source_get_output_flags = obs_source_get_output_flags",
"obs_source_get_private_settings = obs_source_get_private_settings",
"obs_source_get_proc_handler = obs_source_get_proc_handler",
"obs_source_get_push_to_mute_delay = obs_source_get_push_to_mute_delay",
"obs_source_get_push_to_talk_delay = obs_source_get_push_to_talk_delay",
"obs_source_get_ref = obs_encoder_get_ref",
"obs_source_get_settings = obs_source_get_settings",
"obs_source_get_signal_handler = obs_source_get_signal_handler",
"obs_source_get_speaker_layout = obs_source_get_speaker_layout",
"obs_source_get_sync_offset = obs_source_get_sync_offset",
"obs_source_get_texcoords_centered = obs_source_get_texcoords_centered",
"obs_source_get_type = obs_source_get_type",
"obs_source_get_type_data = obs_source_get_type_data",
"obs_source_get_unversioned_id = obs_source_get_unversioned_id",
"obs_source_get_uuid = obs_source_get_uuid",
"obs_source_get_volume = obs_source_get_volume",
"obs_source_get_weak_source = obs_encoder_get_weak_encoder",
"obs_source_get_width = obs_source_get_width",
"obs_source_inc_active = obs_source_inc_active",
"obs_source_inc_showing = obs_source_inc_showing",
"obs_source_is_group = obs_source_is_group",
"obs_source_is_hidden = obs_source_is_hidden",
"obs_source_is_scene = obs_source_is_scene",
"obs_source_load = obs_source_load",
"obs_source_load2 = obs_source_load2",
"obs_source_media_ended = obs_source_media_ended",
"obs_source_media_get_duration = obs_source_media_get_duration",
"obs_source_media_get_state = obs_source_media_get_state",
"obs_source_media_get_time = obs_source_media_get_time",
"obs_source_media_next = obs_source_media_next",
"obs_source_media_play_pause = obs_source_media_play_pause",
"obs_source_media_previous = obs_source_media_previous",
"obs_source_media_restart = obs_source_media_restart",
"obs_source_media_set_time = obs_source_media_set_time",
"obs_source_media_started = obs_source_media_started",
"obs_source_media_stop = obs_source_media_stop",
"obs_source_muted = obs_source_muted",
"obs_source_output_audio = obs_source_output_audio",
"obs_source_output_cea708 = obs_source_output_cea708",
"obs_source_output_video = obs_source_output_video",
"obs_source_output_video2 = obs_source_output_video2",
"obs_source_preload_video = obs_source_preload_video",
"obs_source_preload_video2 = obs_source_preload_video2",
"obs_source_process_filter_begin = obs_source_process_filter_begin",
"obs_source_process_filter_begin_with_color_space = obs_source_process_filter_begin_with_color_space",
"obs_source_process_filter_end = obs_source_process_filter_end",
"obs_source_process_filter_tech_end = obs_source_process_filter_tech_end",
"obs_source_properties = obs_source_properties",
"obs_source_push_to_mute_enabled = obs_source_push_to_mute_enabled",
"obs_source_push_to_talk_enabled = obs_source_push_to_talk_enabled",
"obs_source_release = obs_source_release",
"obs_source_release_frame = obs_source_release_frame",
"obs_source_remove = obs_source_remove",
"obs_source_remove_active_child = obs_source_remove_active_child",
"obs_source_remove_audio_capture_callback = obs_source_remove_audio_capture_callback",
"obs_source_remove_audio_pause_callback = obs_source_remove_audio_pause_callback",
"obs_source_remove_caption_callback = obs_source_remove_caption_callback",
"obs_source_removed = obs_source_removed",
"obs_source_replace_missing_file = obs_source_replace_missing_file",
"obs_source_reset_settings = obs_source_reset_settings",
"obs_source_restore_filters = obs_source_restore_filters",
"obs_source_save = obs_source_save",
"obs_source_send_focus = obs_source_send_focus",
"obs_source_send_key_click = obs_source_send_key_click",
"obs_source_send_mouse_click = obs_source_send_mouse_click",
"obs_source_send_mouse_move = obs_source_send_mouse_move",
"obs_source_send_mouse_wheel = obs_source_send_mouse_wheel",
"obs_source_set_async_decoupled = obs_source_set_async_decoupled",
"obs_source_set_async_rotation = obs_source_set_async_rotation",
"obs_source_set_async_unbuffered = obs_source_set_async_unbuffered",
"obs_source_set_audio_active = obs_source_set_audio_active",
"obs_source_set_audio_mixers = obs_source_set_audio_mixers",
"obs_source_set_balance_value = obs_source_set_balance_value",
"obs_source_set_default_flags = obs_source_set_default_flags",
"obs_source_set_deinterlace_field_order = obs_source_set_deinterlace_field_order",
"obs_source_set_deinterlace_mode = obs_source_set_deinterlace_mode",
"obs_source_set_enabled = obs_source_set_enabled",
"obs_source_set_flags = obs_source_set_flags",
"obs_source_set_hidden = obs_source_set_hidden",
"obs_source_set_monitoring_type = obs_source_set_monitoring_type",
"obs_source_set_muted = obs_source_set_muted",
"obs_source_set_name = obs_source_set_name",
"obs_source_set_push_to_mute_delay = obs_source_set_push_to_mute_delay",
"obs_source_set_push_to_talk_delay = obs_source_set_push_to_talk_delay",
"obs_source_set_sync_offset = obs_source_set_sync_offset",
"obs_source_set_video_frame = obs_source_set_video_frame",
"obs_source_set_video_frame2 = obs_source_set_video_frame2",
"obs_source_set_volume = obs_source_set_volume",
"obs_source_show_preloaded_video = obs_source_show_preloaded_video",
"obs_source_showing = obs_source_showing",
"obs_source_skip_video_filter = obs_source_skip_video_filter",
"obs_source_update = obs_source_update",
"obs_source_update_properties = obs_source_update_properties",
"obs_source_video_render = obs_source_video_render",
"obs_startup = obs_startup",
"obs_transition_audio_render = obs_transition_audio_render",
"obs_transition_clear = obs_transition_clear",
"obs_transition_enable_fixed = obs_transition_enable_fixed",
"obs_transition_fixed = obs_transition_fixed",
"obs_transition_force_stop = obs_transition_force_stop",
"obs_transition_get_active_source = obs_transition_get_active_source",
"obs_transition_get_alignment = obs_transition_get_alignment",
"obs_transition_get_scale_type = obs_transition_get_scale_type",
"obs_transition_get_size = obs_transition_get_size",
"obs_transition_get_source = obs_transition_get_source",
"obs_transition_get_time = obs_transition_get_time",
"obs_transition_set = obs_transition_set",
"obs_transition_set_alignment = obs_transition_set_alignment",
"obs_transition_set_manual_time = obs_transition_set_manual_time",
"obs_transition_set_manual_torque = obs_transition_set_manual_torque",
"obs_transition_set_scale_type = obs_transition_set_scale_type",
"obs_transition_set_size = obs_transition_set_size",
"obs_transition_start = obs_transition_start",
"obs_transition_swap_begin = obs_transition_swap_begin",
"obs_transition_swap_end = obs_transition_swap_end",
"obs_transition_video_get_color_space = obs_transition_video_get_color_space",
"obs_transition_video_render = obs_transition_video_render",
"obs_transition_video_render2 = obs_transition_video_render2",
"obs_transition_video_render_direct = obs_transition_video_render_direct",
"obs_video_active = obs_video_active",
"obs_video_encoder_create = obs_video_encoder_create",
"obs_view_add = obs_view_add",
"obs_view_add2 = obs_view_add2",
"obs_view_create = obs_view_create",
"obs_view_destroy = obs_view_destroy",
"obs_view_enum_video_info = obs_view_enum_video_info",
"obs_view_get_source = obs_view_get_source",
"obs_view_get_video_info = obs_view_get_video_info",
"obs_view_remove = obs_view_remove",
"obs_view_render = obs_view_render",
"obs_view_set_source = obs_view_set_source",
"obs_volmeter_add_callback = obs_volmeter_add_callback",
"obs_volmeter_attach_source = obs_volmeter_attach_source",
"obs_volmeter_create = obs_volmeter_create",
"obs_volmeter_destroy = obs_volmeter_destroy",
"obs_volmeter_detach_source = obs_volmeter_detach_source",
"obs_volmeter_get_nr_channels = obs_volmeter_get_nr_channels",
"obs_volmeter_get_update_interval = obs_volmeter_get_update_interval",
"obs_volmeter_remove_callback = obs_volmeter_remove_callback",
"obs_volmeter_set_peak_meter_type = obs_volmeter_set_peak_meter_type",
"obs_volmeter_set_update_interval = obs_volmeter_set_update_interval",
"obs_wait_for_destroy_queue = obs_wait_for_destroy_queue",
"obs_weak_encoder_addref = obs_weak_encoder_addref",
"obs_weak_encoder_get_encoder = obs_weak_encoder_get_encoder",
"obs_weak_encoder_references_encoder = obs_weak_encoder_references_encoder",
"obs_weak_encoder_release = obs_weak_encoder_release",
"obs_weak_object_addref = obs_weak_encoder_addref",
"obs_weak_object_expired = obs_weak_object_expired",
"obs_weak_object_get_object = obs_weak_encoder_get_encoder",
"obs_weak_object_references_object = obs_weak_encoder_references_encoder",
"obs_weak_object_release = obs_weak_encoder_release",
"obs_weak_output_addref = obs_weak_encoder_addref",
"obs_weak_output_get_output = obs_weak_encoder_get_encoder",
"obs_weak_output_references_output = obs_weak_encoder_references_encoder",
"obs_weak_output_release = obs_weak_encoder_release",
"obs_weak_service_addref = obs_weak_encoder_addref",
"obs_weak_service_get_service = obs_weak_encoder_get_encoder",
"obs_weak_service_references_service = obs_weak_encoder_references_encoder",
"obs_weak_service_release = obs_weak_encoder_release",
"obs_weak_source_addref = obs_weak_encoder_addref",
"obs_weak_source_expired = obs_weak_object_expired",
"obs_weak_source_get_source = obs_weak_encoder_get_encoder",
"obs_weak_source_references_source = obs_weak_encoder_references_encoder",
"obs_weak_source_release = obs_weak_encoder_release",
"os_breakpoint = os_breakpoint",
"os_chdir = os_chdir",
"os_closedir = os_closedir",
"os_copyfile = os_copyfile",
"os_cpu_usage_info_destroy = bfree",
"os_cpu_usage_info_query = os_cpu_usage_info_query",
"os_cpu_usage_info_start = os_cpu_usage_info_start",
"os_dlclose = os_dlclose",
"os_dlopen = os_dlopen",
"os_dlsym = os_dlsym",
"os_dtostr = os_dtostr",
"os_end_high_performance = _guard_check_icall_nop",
"os_event_destroy = os_event_destroy",
"os_event_init = os_event_init",
"os_event_reset = os_event_reset",
"os_event_signal = os_event_signal",
"os_event_timedwait = os_event_timedwait",
"os_event_try = os_event_try",
"os_event_wait = os_event_wait",
"os_fgetsize = os_fgetsize",
"os_file_exists = os_file_exists",
"os_fopen = os_fopen",
"os_fread_mbs = os_fread_mbs",
"os_fread_utf8 = os_fread_utf8",
"os_fseeki64 = os_fseeki64",
"os_ftelli64 = os_ftelli64",
"os_generate_formatted_filename = os_generate_formatted_filename",
"os_generate_uuid = os_generate_uuid",
"os_get_abs_path = os_get_abs_path",
"os_get_abs_path_ptr = os_get_abs_path_ptr",
"os_get_config_path = os_get_config_path",
"os_get_config_path_ptr = os_get_config_path_ptr",
"os_get_emulation_status = is_arm64_windows",
"os_get_executable_path_ptr = os_get_executable_path_ptr",
"os_get_file_size = os_get_file_size",
"os_get_free_disk_space = os_get_free_disk_space",
"os_get_free_space = os_get_free_space",
"os_get_logical_cores = os_get_logical_cores",
"os_get_path_extension = os_get_path_extension",
"os_get_physical_cores = os_get_physical_cores",
"os_get_proc_memory_usage = os_get_proc_memory_usage",
"os_get_proc_resident_size = os_get_proc_resident_size",
"os_get_proc_virtual_size = os_get_proc_virtual_size",
"os_get_program_data_path = os_get_program_data_path",
"os_get_program_data_path_ptr = os_get_program_data_path_ptr",
"os_get_sys_free_size = os_get_sys_free_size",
"os_get_sys_total_size = os_get_sys_total_size",
"os_getcwd = os_getcwd",
"os_gettime_ns = os_gettime_ns",
"os_glob = os_glob",
"os_globfree = os_globfree",
"os_inhibit_sleep_create = os_inhibit_sleep_create",
"os_inhibit_sleep_destroy = os_inhibit_sleep_destroy",
"os_inhibit_sleep_set_active = os_inhibit_sleep_set_active",
"os_is_obs_plugin = os_is_obs_plugin",
"os_mbs_to_utf8_ptr = os_mbs_to_utf8_ptr",
"os_mbs_to_wcs = os_mbs_to_wcs",
"os_mbs_to_wcs_ptr = os_mbs_to_wcs_ptr",
"os_mkdir = os_mkdir",
"os_mkdirs = os_mkdirs",
"os_opendir = os_opendir",
"os_process_args_add_arg = os_process_args_add_arg",
"os_process_args_add_argf = os_process_args_add_argf",
"os_process_args_create = os_process_args_create",
"os_process_args_destroy = os_process_args_destroy",
"os_process_args_get_argc = os_process_args_get_argc",
"os_process_args_get_argv = obs_hotkey_binding_get_key_combination",
"os_process_pipe_create = os_process_pipe_create",
"os_process_pipe_create2 = os_process_pipe_create2",
"os_process_pipe_destroy = os_process_pipe_destroy",
"os_process_pipe_read = os_process_pipe_read",
"os_process_pipe_read_err = os_process_pipe_read_err",
"os_process_pipe_write = os_process_pipe_write",
"os_quick_read_mbs_file = os_quick_read_mbs_file",
"os_quick_read_utf8_file = os_quick_read_utf8_file",
"os_quick_write_mbs_file = os_quick_write_mbs_file",
"os_quick_write_utf8_file = os_quick_write_utf8_file",
"os_quick_write_utf8_file_safe = os_quick_write_utf8_file_safe",
"os_readdir = os_readdir",
"os_rename = os_rename",
"os_request_high_performance = __scrt_stub_for_is_c_termination_complete",
"os_rmdir = os_rmdir",
"os_safe_replace = os_safe_replace",
"os_sem_destroy = os_event_destroy",
"os_sem_init = os_sem_init",
"os_sem_post = os_sem_post",
"os_sem_wait = os_sem_wait",
"os_set_thread_name = os_set_thread_name",
"os_sleep_ms = os_sleep_ms",
"os_sleepto_ns = os_sleepto_ns",
"os_sleepto_ns_fast = os_sleepto_ns_fast",
"os_stat = os_stat",
"os_strtod = os_strtod",
"os_task_queue_create = os_task_queue_create",
"os_task_queue_destroy = os_task_queue_destroy",
"os_task_queue_inside = os_task_queue_inside",
"os_task_queue_queue_task = os_task_queue_queue_task",
"os_task_queue_wait = os_task_queue_wait",
"os_unlink = os_unlink",
"os_utf8_to_mbs_ptr = os_utf8_to_mbs_ptr",
"os_utf8_to_wcs = os_utf8_to_wcs",
"os_utf8_to_wcs_ptr = os_utf8_to_wcs_ptr",
"os_wcs_to_mbs = os_wcs_to_mbs",
"os_wcs_to_mbs_ptr = os_wcs_to_mbs_ptr",
"os_wcs_to_utf8 = os_wcs_to_utf8",
"os_wcs_to_utf8_ptr = os_wcs_to_utf8_ptr",
"os_wfopen = os_wfopen",
"parse_decl_string = parse_decl_string",
"plane_from_tri = plane_from_tri",
"plane_intersection_line = plane_intersection_line",
"plane_intersection_ray = plane_intersection_ray",
"plane_line_inside = plane_line_inside",
"plane_transform = plane_transform",
"plane_transform3x4 = plane_transform3x4",
"plane_tri_inside = plane_tri_inside",
"polar_to_cart = polar_to_cart",
"polar_to_norm = polar_to_norm",
"proc_handler_add = proc_handler_add",
"proc_handler_call = proc_handler_call",
"proc_handler_create = proc_handler_create",
"proc_handler_destroy = proc_handler_destroy",
"profile_end = profile_end",
"profile_reenable_thread = profile_reenable_thread",
"profile_register_root = profile_register_root",
"profile_snapshot_create = profile_snapshot_create",
"profile_snapshot_free = profile_snapshot_free",
"profile_start = profile_start",
"profile_store_name = profile_store_name",
"profiler_free = profiler_free",
"profiler_name_store_create = profiler_name_store_create",
"profiler_name_store_free = profiler_name_store_free",
"profiler_print = profiler_print",
"profiler_print_time_between_calls = profiler_print_time_between_calls",
"profiler_snapshot_dump_csv = profiler_snapshot_dump_csv",
"profiler_snapshot_dump_csv_gz = profiler_snapshot_dump_csv_gz",
"profiler_snapshot_entry_expected_time_between_calls = profiler_snapshot_entry_expected_time_between_calls",
"profiler_snapshot_entry_max_time = profiler_snapshot_entry_max_time",
"profiler_snapshot_entry_max_time_between_calls = gs_effect_get_world_matrix",
"profiler_snapshot_entry_min_time = gs_effect_get_num_params",
"profiler_snapshot_entry_min_time_between_calls = gs_effect_get_viewproj_matrix",
"profiler_snapshot_entry_name = gs_texrender_get_texture",
"profiler_snapshot_entry_overall_between_calls_count = profiler_snapshot_entry_overall_between_calls_count",
"profiler_snapshot_entry_overall_count = profiler_snapshot_entry_overall_count",
"profiler_snapshot_entry_times = profiler_snapshot_entry_times",
"profiler_snapshot_entry_times_between_calls = profiler_snapshot_entry_times_between_calls",
"profiler_snapshot_enumerate_children = profiler_snapshot_enumerate_children",
"profiler_snapshot_enumerate_roots = profiler_snapshot_enumerate_roots",
"profiler_snapshot_filter_roots = profiler_snapshot_filter_roots",
"profiler_snapshot_num_children = profiler_snapshot_num_children",
"profiler_snapshot_num_roots = obs_data_get_last_json",
"profiler_start = profiler_start",
"profiler_stop = profiler_stop",
"quat_exp = quat_exp",
"quat_from_axisang = quat_from_axisang",
"quat_from_matrix3 = quat_from_matrix3",
"quat_from_matrix4 = quat_from_matrix4",
"quat_get_dir = quat_get_dir",
"quat_get_tangent = quat_get_tangent",
"quat_interpolate = quat_interpolate",
"quat_interpolate_cubic = quat_interpolate_cubic",
"quat_log = quat_log",
"quat_mul = quat_mul",
"quat_set_look_dir = quat_set_look_dir",
"rand_float = rand_float",
"shader_parse = shader_parse",
"shader_sampler_convert = shader_sampler_convert",
"signal_handler_add = signal_handler_add",
"signal_handler_connect = signal_handler_connect",
"signal_handler_connect_global = signal_handler_connect_global",
"signal_handler_connect_ref = signal_handler_connect_ref",
"signal_handler_create = signal_handler_create",
"signal_handler_destroy = signal_handler_destroy",
"signal_handler_disconnect = signal_handler_disconnect",
"signal_handler_disconnect_global = signal_handler_disconnect_global",
"signal_handler_remove_current = signal_handler_remove_current",
"signal_handler_signal = signal_handler_signal",
"strdepad = strdepad",
"strlist_free = bfree",
"strlist_split = strlist_split",
"strref_cmp = strref_cmp",
"strref_cmp_strref = strref_cmp_strref",
"strref_cmpi = strref_cmpi",
"strref_cmpi_strref = strref_cmpi_strref",
"text_lookup_add = text_lookup_add",
"text_lookup_create = text_lookup_create",
"text_lookup_destroy = text_lookup_destroy",
"text_lookup_getstr = text_lookup_getstr",
"valid_float_str = valid_float_str",
"valid_int_str = valid_int_str",
"vec2_abs = vec2_abs",
"vec2_ceil = vec2_ceil",
"vec2_close = vec2_close",
"vec2_floor = vec2_floor",
"vec2_norm = vec2_norm",
"vec3_from_vec4 = vec3_from_vec4",
"vec3_mirror = vec3_mirror",
"vec3_mirrorv = vec3_mirrorv",
"vec3_plane_dist = vec3_plane_dist",
"vec3_rand = vec3_rand",
"vec3_rotate = vec3_rotate",
"vec3_transform = vec3_transform",
"vec3_transform3x4 = vec3_transform3x4",
"vec4_from_vec3 = vec4_from_vec3",
"vec4_transform = vec4_transform",
"video_format_from_fourcc = video_format_from_fourcc",
"video_format_get_parameters = video_format_get_parameters",
"video_format_get_parameters_for_format = video_format_get_parameters_for_format",
"video_frame_copy = video_frame_copy",
"video_frame_init = video_frame_init",
"video_output_active = video_output_active",
"video_output_close = video_output_close",
"video_output_connect = video_output_connect",
"video_output_connect2 = video_output_connect2",
"video_output_disconnect = video_output_disconnect",
"video_output_get_format = video_output_get_format",
"video_output_get_frame_rate = video_output_get_frame_rate",
"video_output_get_frame_time = gs_effect_get_viewproj_matrix",
"video_output_get_height = video_output_get_height",
"video_output_get_info = audio_output_get_info",
"video_output_get_skipped_frames = video_output_get_skipped_frames",
"video_output_get_total_frames = video_output_get_total_frames",
"video_output_get_width = video_output_get_width",
"video_output_lock_frame = video_output_lock_frame",
"video_output_open = video_output_open",
"video_output_stop = video_output_stop",
"video_output_stopped = video_output_stopped",
"video_output_unlock_frame = video_output_unlock_frame",
"video_scaler_create = video_scaler_create",
"video_scaler_destroy = video_scaler_destroy",
"video_scaler_scale = video_scaler_scale",
"wcsdepad = wcsdepad",
"wstrcmp_n = wstrcmp_n",
"wstrcmpi = wstrcmpi",
"wstrcmpi_n = wstrcmpi_n",
"wstrstri = wstrstri",
