OBS Studio version 30.0.0 obspython,
ARCH_BITS,
CALL_PARAM_IN,
CALL_PARAM_OUT,
CALL_PARAM_TYPE_BOOL,
CALL_PARAM_TYPE_FLOAT,
CALL_PARAM_TYPE_INT,
CALL_PARAM_TYPE_PTR,
CALL_PARAM_TYPE_STRING,
CALL_PARAM_TYPE_VOID,
CONFIG_ERROR,
CONFIG_FILENOTFOUND,
CONFIG_OPEN_ALWAYS,
CONFIG_OPEN_EXISTING,
CONFIG_SUCCESS,
FILE_LINE,
GS_A8,
GS_ADDRESS_BORDER,
GS_ADDRESS_CLAMP,
GS_ADDRESS_MIRROR,
GS_ADDRESS_MIRRORONCE,
GS_ADDRESS_WRAP,
GS_ALWAYS,
GS_BACK,
GS_BGRA,
GS_BGRA_UNORM,
GS_BGRX,
GS_BGRX_UNORM,
GS_BLEND_DSTALPHA,
GS_BLEND_DSTCOLOR,
GS_BLEND_INVDSTALPHA,
GS_BLEND_INVDSTCOLOR,
GS_BLEND_INVSRCALPHA,
GS_BLEND_INVSRCCOLOR,
GS_BLEND_ONE,
GS_BLEND_OP_ADD,
GS_BLEND_OP_MAX,
GS_BLEND_OP_MIN,
GS_BLEND_OP_REVERSE_SUBTRACT,
GS_BLEND_OP_SUBTRACT,
GS_BLEND_SRCALPHA,
GS_BLEND_SRCALPHASAT,
GS_BLEND_SRCCOLOR,
GS_BLEND_ZERO,
GS_BUILD_MIPMAPS,
GS_CLEAR_COLOR,
GS_CLEAR_DEPTH,
GS_CLEAR_STENCIL,
GS_CS_709_EXTENDED,
GS_CS_709_SCRGB,
GS_CS_SRGB,
GS_CS_SRGB_16F,
GS_DECR,
GS_DEVICE_DIRECT3D_11,
GS_DEVICE_OPENGL,
GS_DUP_BUFFER,
GS_DXT1,
GS_DXT3,
GS_DXT5,
GS_DYNAMIC,
GS_EQUAL,
GS_ERROR_FAIL,
GS_ERROR_MODULE_NOT_FOUND,
GS_ERROR_NOT_SUPPORTED,
GS_FILTER_ANISOTROPIC,
GS_FILTER_LINEAR,
GS_FILTER_MIN_LINEAR_MAG_MIP_POINT,
GS_FILTER_MIN_LINEAR_MAG_POINT_MIP_LINEAR,
GS_FILTER_MIN_MAG_LINEAR_MIP_POINT,
GS_FILTER_MIN_MAG_POINT_MIP_LINEAR,
GS_FILTER_MIN_POINT_MAG_LINEAR_MIP_POINT,
GS_FILTER_MIN_POINT_MAG_MIP_LINEAR,
GS_FILTER_POINT,
GS_FLIP_U,
GS_FLIP_V,
GS_FRONT,
GS_GEQUAL,
GS_GL_DUMMYTEX,
GS_GREATER,
GS_IMAGE_ALPHA_PREMULTIPLY,
GS_IMAGE_ALPHA_PREMULTIPLY_SRGB,
GS_IMAGE_ALPHA_STRAIGHT,
GS_INCR,
GS_INVERT,
GS_KEEP,
GS_LEQUAL,
GS_LESS,
GS_LINES,
GS_LINESTRIP,
GS_MAX_TEXTURES,
GS_NEGATIVE_X,
GS_NEGATIVE_Y,
GS_NEGATIVE_Z,
GS_NEITHER,
GS_NEVER,
GS_NOTEQUAL,
GS_POINTS,
GS_POSITIVE_X,
GS_POSITIVE_Y,
GS_POSITIVE_Z,
GS_R10G10B10A2,
GS_R16,
GS_R16F,
GS_R32F,
GS_R8,
GS_R8G8,
GS_RENDER_TARGET,
GS_REPLACE,
GS_RG16,
GS_RG16F,
GS_RG32F,
GS_RGBA,
GS_RGBA16,
GS_RGBA16F,
GS_RGBA32F,
GS_RGBA_UNORM,
GS_SHADER_PARAM_BOOL,
GS_SHADER_PARAM_FLOAT,
GS_SHADER_PARAM_INT,
GS_SHADER_PARAM_INT2,
GS_SHADER_PARAM_INT3,
GS_SHADER_PARAM_INT4,
GS_SHADER_PARAM_MATRIX4X4,
GS_SHADER_PARAM_STRING,
GS_SHADER_PARAM_TEXTURE,
GS_SHADER_PARAM_UNKNOWN,
GS_SHADER_PARAM_VEC2,
GS_SHADER_PARAM_VEC3,
GS_SHADER_PARAM_VEC4,
GS_SHARED_KM_TEX,
GS_SHARED_TEX,
GS_STENCIL_BACK,
GS_STENCIL_BOTH,
GS_STENCIL_FRONT,
GS_SUCCESS,
GS_TEXTURE_2D,
GS_TEXTURE_3D,
GS_TEXTURE_CUBE,
GS_TRIS,
GS_TRISTRIP,
GS_UNKNOWN,
GS_UNSIGNED_LONG,
GS_UNSIGNED_SHORT,
GS_USE_DEBUG_MARKERS,
GS_Z16,
GS_Z24_S8,
GS_Z32F,
GS_Z32F_S8X24,
GS_ZERO,
GS_ZS_NONE,
INTERACT_ALT_KEY,
INTERACT_CAPS_KEY,
INTERACT_COMMAND_KEY,
INTERACT_CONTROL_KEY,
INTERACT_IS_KEY_PAD,
INTERACT_IS_LEFT,
INTERACT_IS_RIGHT,
INTERACT_MOUSE_LEFT,
INTERACT_MOUSE_MIDDLE,
INTERACT_MOUSE_RIGHT,
INTERACT_NONE,
INTERACT_NUMLOCK_KEY,
INTERACT_SHIFT_KEY,
INT_CUR_LINE,
LOG_DEBUG,
LOG_ERROR,
LOG_INFO,
LOG_WARNING,
MKDIR_ERROR,
MKDIR_EXISTS,
MKDIR_SUCCESS,
MOUSE_LEFT,
MOUSE_MIDDLE,
MOUSE_RIGHT,
OBS_ALLOW_DIRECT_RENDERING,
OBS_BALANCE_TYPE_LINEAR,
OBS_BALANCE_TYPE_SINE_LAW,
OBS_BALANCE_TYPE_SQUARE_LAW,
OBS_BLEND_ADDITIVE,
OBS_BLEND_DARKEN,
OBS_BLEND_LIGHTEN,
OBS_BLEND_METHOD_DEFAULT,
OBS_BLEND_METHOD_SRGB_OFF,
OBS_BLEND_MULTIPLY,
OBS_BLEND_NORMAL,
OBS_BLEND_SCREEN,
OBS_BLEND_SUBTRACT,
OBS_BOUNDS_MAX_ONLY,
OBS_BOUNDS_NONE,
OBS_BOUNDS_SCALE_INNER,
OBS_BOUNDS_SCALE_OUTER,
OBS_BOUNDS_SCALE_TO_HEIGHT,
OBS_BOUNDS_SCALE_TO_WIDTH,
OBS_BOUNDS_STRETCH,
OBS_BUTTON_DEFAULT,
OBS_BUTTON_URL,
OBS_COMBO_FORMAT_BOOL,
OBS_COMBO_FORMAT_FLOAT,
OBS_COMBO_FORMAT_INT,
OBS_COMBO_FORMAT_INVALID,
OBS_COMBO_FORMAT_STRING,
OBS_COMBO_INVALID,
OBS_COMBO_TYPE_EDITABLE,
OBS_COMBO_TYPE_INVALID,
OBS_COMBO_TYPE_LIST,
OBS_COMBO_TYPE_RADIO,
OBS_DATA_ARRAY,
OBS_DATA_BOOLEAN,
OBS_DATA_NULL,
OBS_DATA_NUMBER,
OBS_DATA_NUM_DOUBLE,
OBS_DATA_NUM_INT,
OBS_DATA_NUM_INVALID,
OBS_DATA_OBJECT,
OBS_DATA_STRING,
OBS_DEINTERLACE_FIELD_ORDER_BOTTOM,
OBS_DEINTERLACE_FIELD_ORDER_TOP,
OBS_DEINTERLACE_MODE_BLEND,
OBS_DEINTERLACE_MODE_BLEND_2X,
OBS_DEINTERLACE_MODE_DISABLE,
OBS_DEINTERLACE_MODE_DISCARD,
OBS_DEINTERLACE_MODE_LINEAR,
OBS_DEINTERLACE_MODE_LINEAR_2X,
OBS_DEINTERLACE_MODE_RETRO,
OBS_DEINTERLACE_MODE_YADIF,
OBS_DEINTERLACE_MODE_YADIF_2X,
OBS_EDITABLE_LIST_TYPE_FILES,
OBS_EDITABLE_LIST_TYPE_FILES_AND_URLS,
OBS_EDITABLE_LIST_TYPE_STRINGS,
OBS_EFFECT_AREA,
OBS_EFFECT_BICUBIC,
OBS_EFFECT_BILINEAR_LOWRES,
OBS_EFFECT_DEFAULT,
OBS_EFFECT_DEFAULT_RECT,
OBS_EFFECT_LANCZOS,
OBS_EFFECT_OPAQUE,
OBS_EFFECT_PREMULTIPLIED_ALPHA,
OBS_EFFECT_REPEAT,
OBS_EFFECT_SOLID,
OBS_FONT_BOLD,
OBS_FONT_ITALIC,
OBS_FONT_STRIKEOUT,
OBS_FONT_UNDERLINE,
OBS_FRONTEND_EVENT_EXIT,
OBS_FRONTEND_EVENT_FINISHED_LOADING,
OBS_FRONTEND_EVENT_PREVIEW_SCENE_CHANGED,
OBS_FRONTEND_EVENT_PROFILE_CHANGED,
OBS_FRONTEND_EVENT_PROFILE_CHANGING,
OBS_FRONTEND_EVENT_PROFILE_LIST_CHANGED,
OBS_FRONTEND_EVENT_PROFILE_RENAMED,
OBS_FRONTEND_EVENT_RECORDING_PAUSED,
OBS_FRONTEND_EVENT_RECORDING_STARTED,
OBS_FRONTEND_EVENT_RECORDING_STARTING,
OBS_FRONTEND_EVENT_RECORDING_STOPPED,
OBS_FRONTEND_EVENT_RECORDING_STOPPING,
OBS_FRONTEND_EVENT_RECORDING_UNPAUSED,
OBS_FRONTEND_EVENT_REPLAY_BUFFER_SAVED,
OBS_FRONTEND_EVENT_REPLAY_BUFFER_STARTED,
OBS_FRONTEND_EVENT_REPLAY_BUFFER_STARTING,
OBS_FRONTEND_EVENT_REPLAY_BUFFER_STOPPED,
OBS_FRONTEND_EVENT_REPLAY_BUFFER_STOPPING,
OBS_FRONTEND_EVENT_SCENE_CHANGED,
OBS_FRONTEND_EVENT_SCENE_COLLECTION_CHANGED,
OBS_FRONTEND_EVENT_SCENE_COLLECTION_CHANGING,
OBS_FRONTEND_EVENT_SCENE_COLLECTION_CLEANUP,
OBS_FRONTEND_EVENT_SCENE_COLLECTION_LIST_CHANGED,
OBS_FRONTEND_EVENT_SCENE_COLLECTION_RENAMED,
OBS_FRONTEND_EVENT_SCENE_LIST_CHANGED,
OBS_FRONTEND_EVENT_SCREENSHOT_TAKEN,
OBS_FRONTEND_EVENT_SCRIPTING_SHUTDOWN,
OBS_FRONTEND_EVENT_STREAMING_STARTED,
OBS_FRONTEND_EVENT_STREAMING_STARTING,
OBS_FRONTEND_EVENT_STREAMING_STOPPED,
OBS_FRONTEND_EVENT_STREAMING_STOPPING,
OBS_FRONTEND_EVENT_STUDIO_MODE_DISABLED,
OBS_FRONTEND_EVENT_STUDIO_MODE_ENABLED,
OBS_FRONTEND_EVENT_TBAR_VALUE_CHANGED,
OBS_FRONTEND_EVENT_THEME_CHANGED,
OBS_FRONTEND_EVENT_TRANSITION_CHANGED,
OBS_FRONTEND_EVENT_TRANSITION_DURATION_CHANGED,
OBS_FRONTEND_EVENT_TRANSITION_LIST_CHANGED,
OBS_FRONTEND_EVENT_TRANSITION_STOPPED,
OBS_FRONTEND_EVENT_VIRTUALCAM_STARTED,
OBS_FRONTEND_EVENT_VIRTUALCAM_STOPPED,
OBS_GROUP_CHECKABLE,
OBS_GROUP_NORMAL,
OBS_HOTKEY_REGISTERER_ENCODER,
OBS_HOTKEY_REGISTERER_FRONTEND,
OBS_HOTKEY_REGISTERER_OUTPUT,
OBS_HOTKEY_REGISTERER_SERVICE,
OBS_HOTKEY_REGISTERER_SOURCE,
OBS_ICON_TYPE_AUDIO_INPUT,
OBS_ICON_TYPE_AUDIO_OUTPUT,
OBS_ICON_TYPE_BROWSER,
OBS_ICON_TYPE_CAMERA,
OBS_ICON_TYPE_COLOR,
OBS_ICON_TYPE_CUSTOM,
OBS_ICON_TYPE_DESKTOP_CAPTURE,
OBS_ICON_TYPE_GAME_CAPTURE,
OBS_ICON_TYPE_IMAGE,
OBS_ICON_TYPE_MEDIA,
OBS_ICON_TYPE_PROCESS_AUDIO_OUTPUT,
OBS_ICON_TYPE_SLIDESHOW,
OBS_ICON_TYPE_TEXT,
OBS_ICON_TYPE_UNKNOWN,
OBS_ICON_TYPE_WINDOW_CAPTURE,
OBS_INVALID_HOTKEY_ID,
OBS_INVALID_HOTKEY_PAIR_ID,
OBS_KEY_LAST_VALUE,
OBS_MEDIA_STATE_BUFFERING,
OBS_MEDIA_STATE_ENDED,
OBS_MEDIA_STATE_ERROR,
OBS_MEDIA_STATE_NONE,
OBS_MEDIA_STATE_OPENING,
OBS_MEDIA_STATE_PAUSED,
OBS_MEDIA_STATE_PLAYING,
OBS_MEDIA_STATE_STOPPED,
OBS_MONITORING_TYPE_MONITOR_AND_OUTPUT,
OBS_MONITORING_TYPE_MONITOR_ONLY,
OBS_MONITORING_TYPE_NONE,
OBS_NO_DIRECT_RENDERING,
OBS_NUMBER_SCROLLER,
OBS_NUMBER_SLIDER,
OBS_OBJ_TYPE_ENCODER,
OBS_OBJ_TYPE_INVALID,
OBS_OBJ_TYPE_OUTPUT,
OBS_OBJ_TYPE_SERVICE,
OBS_OBJ_TYPE_SOURCE,
OBS_ORDER_MOVE_BOTTOM,
OBS_ORDER_MOVE_DOWN,
OBS_ORDER_MOVE_TOP,
OBS_ORDER_MOVE_UP,
OBS_OUTPUT_DELAY_PRESERVE,
OBS_PATH_DIRECTORY,
OBS_PATH_FILE,
OBS_PATH_FILE_SAVE,
OBS_PROPERTIES_DEFER_UPDATE,
OBS_PROPERTY_BOOL,
OBS_PROPERTY_BUTTON,
OBS_PROPERTY_COLOR,
OBS_PROPERTY_COLOR_ALPHA,
OBS_PROPERTY_EDITABLE_LIST,
OBS_PROPERTY_FLOAT,
OBS_PROPERTY_FONT,
OBS_PROPERTY_FRAME_RATE,
OBS_PROPERTY_GROUP,
OBS_PROPERTY_INT,
OBS_PROPERTY_INVALID,
OBS_PROPERTY_LIST,
OBS_PROPERTY_PATH,
OBS_PROPERTY_TEXT,
OBS_SCALE_AREA,
OBS_SCALE_BICUBIC,
OBS_SCALE_BILINEAR,
OBS_SCALE_DISABLE,
OBS_SCALE_LANCZOS,
OBS_SCALE_POINT,
OBS_SCENE_DUP_COPY,
OBS_SCENE_DUP_PRIVATE_COPY,
OBS_SCENE_DUP_PRIVATE_REFS,
OBS_SCENE_DUP_REFS,
OBS_SOURCE_ASYNC,
OBS_SOURCE_ASYNC_VIDEO,
OBS_SOURCE_AUDIO,
OBS_SOURCE_CAP_DISABLED,
OBS_SOURCE_CAP_DONT_SHOW_PROPERTIES,
OBS_SOURCE_CAP_OBSOLETE,
OBS_SOURCE_CEA_708,
OBS_SOURCE_COMPOSITE,
OBS_SOURCE_CONTROLLABLE_MEDIA,
OBS_SOURCE_CUSTOM_DRAW,
OBS_SOURCE_DEPRECATED,
OBS_SOURCE_DO_NOT_DUPLICATE,
OBS_SOURCE_DO_NOT_SELF_MONITOR,
OBS_SOURCE_FLAG_FORCE_MONO,
OBS_SOURCE_FLAG_UNUSED_1,
OBS_SOURCE_FRAME_LINEAR_ALPHA,
OBS_SOURCE_INTERACTION,
OBS_SOURCE_MONITOR_BY_DEFAULT,
OBS_SOURCE_SRGB,
OBS_SOURCE_SUBMIX,
OBS_SOURCE_TYPE_FILTER,
OBS_SOURCE_TYPE_INPUT,
OBS_SOURCE_TYPE_SCENE,
OBS_SOURCE_TYPE_TRANSITION,
OBS_SOURCE_VIDEO,
OBS_TASK_AUDIO,
OBS_TASK_DESTROY,
OBS_TASK_GRAPHICS,
OBS_TASK_UI,
OBS_TEXT_DEFAULT,
OBS_TEXT_INFO,
OBS_TEXT_INFO_ERROR,
OBS_TEXT_INFO_NORMAL,
OBS_TEXT_INFO_WARNING,
OBS_TEXT_MULTILINE,
OBS_TEXT_PASSWORD,
OBS_TRANSITION_MODE_AUTO,
OBS_TRANSITION_MODE_MANUAL,
OBS_TRANSITION_SCALE_ASPECT,
OBS_TRANSITION_SCALE_MAX_ONLY,
OBS_TRANSITION_SCALE_STRETCH,
OBS_TRANSITION_SOURCE_A,
OBS_TRANSITION_SOURCE_B,
PYTHON_LIB,
S__LINE__,
UUID_STR_LENGTH,
XINPUT_MOUSE_LEN,
_SwigNonDynamicMeta,
__builtin__,
__builtins__,
__cached__,
__doc__,
__file__,
__loader__,
__name__,
__package__,
__spec__,
_obspython,
_swig_add_metaclass,
_swig_python_version_info,
_swig_repr,
_swig_setattr_nondynamic_class_variable,
_swig_setattr_nondynamic_instance_variable,
base_allocator,
base_get_alignment,
base_get_log_handler,
base_set_allocator,
base_set_log_handler,
bfree,
blog,
bmalloc,
bmemdup,
bnum_allocs,
brealloc,
bstrdup,
bstrdup_n,
bwstrdup,
bwstrdup_n,
bzalloc,
calldata,
calldata_bool,
calldata_clear,
calldata_create,
calldata_destroy,
calldata_float,
calldata_free,
calldata_get_bool,
calldata_get_data,
calldata_get_float,
calldata_get_int,
calldata_get_ptr,
calldata_get_string,
calldata_init,
calldata_init_fixed,
calldata_int,
calldata_ptr,
calldata_sceneitem,
calldata_set_bool,
calldata_set_data,
calldata_set_float,
calldata_set_int,
calldata_set_ptr,
calldata_set_string,
calldata_source,
calldata_string,
config_close,
config_create,
config_get_bool,
config_get_default_bool,
config_get_default_double,
config_get_default_int,
config_get_default_string,
config_get_default_uint,
config_get_double,
config_get_int,
config_get_section,
config_get_string,
config_get_uint,
config_has_default_value,
config_has_user_value,
config_num_sections,
config_open,
config_open_defaults,
config_open_string,
config_remove_value,
config_save,
config_save_safe,
config_set_bool,
config_set_default_bool,
config_set_default_double,
config_set_default_int,
config_set_default_string,
config_set_default_uint,
config_set_double,
config_set_int,
config_set_string,
config_set_uint,
cvar,
gs_begin_frame,
gs_begin_scene,
gs_blend_function,
gs_blend_function_separate,
gs_blend_op,
gs_blend_state_pop,
gs_blend_state_push,
gs_clear,
gs_color,
gs_color4v,
gs_copy_texture,
gs_copy_texture_region,
gs_create,
gs_create_texture_file_data,
gs_create_texture_file_data2,
gs_create_texture_file_data3,
gs_cubetexture_create,
gs_cubetexture_destroy,
gs_cubetexture_get_color_format,
gs_cubetexture_get_size,
gs_cubetexture_set_image,
gs_debug_marker_begin,
gs_debug_marker_begin_format,
gs_debug_marker_end,
gs_depth_function,
gs_destroy,
gs_device_loss,
gs_display_mode,
gs_draw,
gs_draw_cube_backdrop,
gs_draw_sprite,
gs_draw_sprite_subregion,
gs_effect_create,
gs_effect_create_from_file,
gs_effect_destroy,
gs_effect_get_current_technique,
gs_effect_get_default_val,
gs_effect_get_default_val_size,
gs_effect_get_num_params,
gs_effect_get_param_by_idx,
gs_effect_get_param_by_name,
gs_effect_get_technique,
gs_effect_get_val,
gs_effect_get_val_size,
gs_effect_get_viewproj_matrix,
gs_effect_get_world_matrix,
gs_effect_loop,
gs_effect_set_bool,
gs_effect_set_color,
gs_effect_set_default,
gs_effect_set_float,
gs_effect_set_int,
gs_effect_set_matrix4,
gs_effect_set_next_sampler,
gs_effect_set_texture,
gs_effect_set_texture_srgb,
gs_effect_set_val,
gs_effect_set_vec2,
gs_effect_set_vec3,
gs_effect_set_vec4,
gs_effect_update_params,
gs_enable_blending,
gs_enable_color,
gs_enable_depth_test,
gs_enable_framebuffer_srgb,
gs_enable_stencil_test,
gs_enable_stencil_write,
gs_end_scene,
gs_enter_context,
gs_enum_adapters,
gs_flush,
gs_framebuffer_srgb_enabled,
gs_frustum,
gs_generalize_format,
gs_get_color_space,
gs_get_context,
gs_get_cull_mode,
gs_get_device_name,
gs_get_device_obj,
gs_get_device_type,
gs_get_effect,
gs_get_format_bpp,
gs_get_format_from_space,
gs_get_height,
gs_get_input,
gs_get_linear_srgb,
gs_get_pixel_shader,
gs_get_render_target,
gs_get_size,
gs_get_texture_type,
gs_get_total_levels,
gs_get_vertex_shader,
gs_get_viewport,
gs_get_width,
gs_get_zstencil_target,
gs_indexbuffer_create,
gs_indexbuffer_destroy,
gs_indexbuffer_flush,
gs_indexbuffer_flush_direct,
gs_indexbuffer_get_data,
gs_indexbuffer_get_num_indices,
gs_indexbuffer_get_type,
gs_init_data,
gs_is_compressed_format,
gs_is_monitor_hdr,
gs_is_present_ready,
gs_is_srgb_format,
gs_leave_context,
gs_load_default_samplerstate,
gs_load_indexbuffer,
gs_load_pixelshader,
gs_load_samplerstate,
gs_load_swapchain,
gs_load_texture,
gs_load_vertexbuffer,
gs_load_vertexshader,
gs_matrix_get,
gs_matrix_identity,
gs_matrix_mul,
gs_matrix_pop,
gs_matrix_push,
gs_matrix_rotaa,
gs_matrix_rotaa4f,
gs_matrix_rotquat,
gs_matrix_scale,
gs_matrix_scale3f,
gs_matrix_set,
gs_matrix_translate,
gs_matrix_translate3f,
gs_matrix_transpose,
gs_monitor_info,
gs_normal3f,
gs_normal3v,
gs_nv12_available,
gs_ortho,
gs_p010_available,
gs_param_get_annotation_by_idx,
gs_param_get_annotation_by_name,
gs_param_get_num_annotations,
gs_perspective,
gs_pixelshader_create,
gs_pixelshader_create_from_file,
gs_present,
gs_projection_pop,
gs_projection_push,
gs_rect,
gs_render_save,
gs_render_start,
gs_render_stop,
gs_reset_blend_state,
gs_reset_viewport,
gs_resize,
gs_sampler_info,
gs_samplerstate_create,
gs_samplerstate_destroy,
gs_set_2d_mode,
gs_set_3d_mode,
gs_set_cube_render_target,
gs_set_cull_mode,
gs_set_linear_srgb,
gs_set_render_target,
gs_set_render_target_with_color_space,
gs_set_scissor_rect,
gs_set_viewport,
gs_shader_texture,
gs_stage_texture,
gs_stagesurface_create,
gs_stagesurface_destroy,
gs_stagesurface_get_color_format,
gs_stagesurface_get_height,
gs_stagesurface_get_width,
gs_stagesurface_map,
gs_stagesurface_unmap,
gs_stencil_function,
gs_stencil_op,
gs_swapchain_create,
gs_swapchain_destroy,
gs_technique_begin,
gs_technique_begin_pass,
gs_technique_begin_pass_by_name,
gs_technique_end,
gs_technique_end_pass,
gs_technique_get_pass_by_idx,
gs_technique_get_pass_by_name,
gs_texcoord,
gs_texcoord2v,
gs_texrender_begin,
gs_texrender_begin_with_color_space,
gs_texrender_create,
gs_texrender_destroy,
gs_texrender_end,
gs_texrender_get_format,
gs_texrender_get_texture,
gs_texrender_reset,
gs_texture_create,
gs_texture_create_from_file,
gs_texture_destroy,
gs_texture_get_color_format,
gs_texture_get_height,
gs_texture_get_obj,
gs_texture_get_width,
gs_texture_is_rect,
gs_texture_map,
gs_texture_set_image,
gs_texture_unmap,
gs_timer_begin,
gs_timer_create,
gs_timer_destroy,
gs_timer_end,
gs_timer_get_data,
gs_timer_range_begin,
gs_timer_range_create,
gs_timer_range_destroy,
gs_timer_range_end,
gs_timer_range_get_data,
gs_tvertarray,
gs_update_color_space,
gs_vb_data,
gs_vbdata_create,
gs_vbdata_destroy,
gs_vertex2f,
gs_vertex2v,
gs_vertex3f,
gs_vertex3v,
gs_vertexbuffer_create,
gs_vertexbuffer_destroy,
gs_vertexbuffer_flush,
gs_vertexbuffer_flush_direct,
gs_vertexbuffer_get_data,
gs_vertexshader_create,
gs_vertexshader_create_from_file,
gs_viewport_pop,
gs_viewport_push,
gs_voltexture_create,
gs_voltexture_destroy,
gs_voltexture_get_color_format,
gs_voltexture_get_depth,
gs_voltexture_get_height,
gs_voltexture_get_width,
gs_window,
gs_zstencil_create,
gs_zstencil_destroy,
matrix3,
matrix3_copy,
matrix3_from_axisang,
matrix3_from_matrix4,
matrix3_from_quat,
matrix3_identity,
matrix3_inv,
matrix3_mirror,
matrix3_mirrorv,
matrix3_mul,
matrix3_rotate,
matrix3_rotate_aa,
matrix3_rotate_aa4f,
matrix3_scale,
matrix3_scale3f,
matrix3_translate,
matrix3_translate3f,
matrix3_transpose,
matrix4,
matrix4_copy,
matrix4_determinant,
matrix4_from_axisang,
matrix4_from_matrix3,
matrix4_from_quat,
matrix4_identity,
matrix4_inv,
matrix4_mul,
matrix4_rotate,
matrix4_rotate_aa,
matrix4_rotate_aa4f,
matrix4_rotate_aa_i,
matrix4_rotate_i,
matrix4_scale,
matrix4_scale3f,
matrix4_scale_i,
matrix4_translate3f,
matrix4_translate3v,
matrix4_translate3v_i,
matrix4_translate4v,
matrix4_translate4v_i,
matrix4_transpose,
obs_add_data_path,
obs_add_main_rendered_callback,
obs_add_raw_audio_callback,
obs_add_raw_video_callback,
obs_add_raw_video_callback2,
obs_add_tick_callback,
obs_apply_private_data,
obs_audio_data,
obs_audio_encoder_create,
obs_audio_info,
obs_audio_info2,
obs_audio_monitoring_available,
obs_cmdline_args,
obs_data_addref,
obs_data_apply,
obs_data_array_addref,
obs_data_array_count,
obs_data_array_create,
obs_data_array_enum,
obs_data_array_erase,
obs_data_array_insert,
obs_data_array_item,
obs_data_array_push_back,
obs_data_array_push_back_array,
obs_data_array_release,
obs_data_clear,
obs_data_create,
obs_data_create_from_json,
obs_data_create_from_json_file,
obs_data_create_from_json_file_safe,
obs_data_erase,
obs_data_first,
obs_data_get_array,
obs_data_get_autoselect_array,
obs_data_get_autoselect_bool,
obs_data_get_autoselect_double,
obs_data_get_autoselect_frames_per_second,
obs_data_get_autoselect_int,
obs_data_get_autoselect_obj,
obs_data_get_autoselect_quat,
obs_data_get_autoselect_string,
obs_data_get_autoselect_vec2,
obs_data_get_autoselect_vec3,
obs_data_get_autoselect_vec4,
obs_data_get_bool,
obs_data_get_default_array,
obs_data_get_default_bool,
obs_data_get_default_double,
obs_data_get_default_frames_per_second,
obs_data_get_default_int,
obs_data_get_default_obj,
obs_data_get_default_quat,
obs_data_get_default_string,
obs_data_get_default_vec2,
obs_data_get_default_vec3,
obs_data_get_default_vec4,
obs_data_get_defaults,
obs_data_get_double,
obs_data_get_frames_per_second,
obs_data_get_int,
obs_data_get_json,
obs_data_get_json_pretty,
obs_data_get_last_json,
obs_data_get_obj,
obs_data_get_quat,
obs_data_get_string,
obs_data_get_vec2,
obs_data_get_vec3,
obs_data_get_vec4,
obs_data_has_autoselect_value,
obs_data_has_default_value,
obs_data_has_user_value,
obs_data_item_byname,
obs_data_item_get_array,
obs_data_item_get_autoselect_array,
obs_data_item_get_autoselect_bool,
obs_data_item_get_autoselect_double,
obs_data_item_get_autoselect_frames_per_second,
obs_data_item_get_autoselect_int,
obs_data_item_get_autoselect_obj,
obs_data_item_get_autoselect_string,
obs_data_item_get_bool,
obs_data_item_get_default_array,
obs_data_item_get_default_bool,
obs_data_item_get_default_double,
obs_data_item_get_default_frames_per_second,
obs_data_item_get_default_int,
obs_data_item_get_default_obj,
obs_data_item_get_default_string,
obs_data_item_get_double,
obs_data_item_get_frames_per_second,
obs_data_item_get_int,
obs_data_item_get_name,
obs_data_item_get_obj,
obs_data_item_get_string,
obs_data_item_gettype,
obs_data_item_has_autoselect_value,
obs_data_item_has_default_value,
obs_data_item_has_user_value,
obs_data_item_next,
obs_data_item_numtype,
obs_data_item_release,
obs_data_item_remove,
obs_data_item_set_array,
obs_data_item_set_autoselect_array,
obs_data_item_set_autoselect_bool,
obs_data_item_set_autoselect_double,
obs_data_item_set_autoselect_frames_per_second,
obs_data_item_set_autoselect_int,
obs_data_item_set_autoselect_obj,
obs_data_item_set_autoselect_string,
obs_data_item_set_bool,
obs_data_item_set_default_array,
obs_data_item_set_default_bool,
obs_data_item_set_default_double,
obs_data_item_set_default_frames_per_second,
obs_data_item_set_default_int,
obs_data_item_set_default_obj,
obs_data_item_set_default_string,
obs_data_item_set_double,
obs_data_item_set_frames_per_second,
obs_data_item_set_int,
obs_data_item_set_obj,
obs_data_item_set_string,
obs_data_item_unset_autoselect_value,
obs_data_item_unset_default_value,
obs_data_item_unset_user_value,
obs_data_newref,
obs_data_release,
obs_data_save_json,
obs_data_save_json_pretty_safe,
obs_data_save_json_safe,
obs_data_set_array,
obs_data_set_autoselect_bool,
obs_data_set_autoselect_double,
obs_data_set_autoselect_frames_per_second,
obs_data_set_autoselect_int,
obs_data_set_autoselect_obj,
obs_data_set_autoselect_quat,
obs_data_set_autoselect_string,
obs_data_set_autoselect_vec2,
obs_data_set_autoselect_vec3,
obs_data_set_autoselect_vec4,
obs_data_set_bool,
obs_data_set_default_array,
obs_data_set_default_bool,
obs_data_set_default_double,
obs_data_set_default_frames_per_second,
obs_data_set_default_int,
obs_data_set_default_obj,
obs_data_set_default_quat,
obs_data_set_default_string,
obs_data_set_default_vec2,
obs_data_set_default_vec3,
obs_data_set_default_vec4,
obs_data_set_double,
obs_data_set_frames_per_second,
obs_data_set_int,
obs_data_set_obj,
obs_data_set_quat,
obs_data_set_string,
obs_data_set_vec2,
obs_data_set_vec3,
obs_data_set_vec4,
obs_data_unset_autoselect_value,
obs_data_unset_default_value,
obs_data_unset_user_value,
obs_display_add_draw_callback,
obs_display_create,
obs_display_destroy,
obs_display_enabled,
obs_display_remove_draw_callback,
obs_display_resize,
obs_display_set_background_color,
obs_display_set_enabled,
obs_display_size,
obs_display_update_color_space,
obs_encoder_active,
obs_encoder_addref,
obs_encoder_audio,
obs_encoder_create_rerouted,
obs_encoder_defaults,
obs_encoder_get_caps,
obs_encoder_get_codec,
obs_encoder_get_defaults,
obs_encoder_get_display_name,
obs_encoder_get_extra_data,
obs_encoder_get_frame_rate_divisor,
obs_encoder_get_frame_size,
obs_encoder_get_height,
obs_encoder_get_id,
obs_encoder_get_last_error,
obs_encoder_get_name,
obs_encoder_get_pause_offset,
obs_encoder_get_preferred_video_format,
obs_encoder_get_ref,
obs_encoder_get_sample_rate,
obs_encoder_get_scale_type,
obs_encoder_get_settings,
obs_encoder_get_type,
obs_encoder_get_type_data,
obs_encoder_get_weak_encoder,
obs_encoder_get_width,
obs_encoder_gpu_scaling_enabled,
obs_encoder_packet_ref,
obs_encoder_packet_release,
obs_encoder_paused,
obs_encoder_properties,
obs_encoder_release,
obs_encoder_scaling_enabled,
obs_encoder_set_audio,
obs_encoder_set_frame_rate_divisor,
obs_encoder_set_gpu_scale_type,
obs_encoder_set_last_error,
obs_encoder_set_name,
obs_encoder_set_preferred_video_format,
obs_encoder_set_scaled_size,
obs_encoder_set_video,
obs_encoder_update,
obs_encoder_video,
obs_enter_graphics,
obs_enum_all_sources,
obs_enum_audio_monitoring_devices,
obs_enum_encoder_types,
obs_enum_encoders,
obs_enum_filter_types,
obs_enum_hotkey_bindings,
obs_enum_hotkeys,
obs_enum_input_types,
obs_enum_input_types2,
obs_enum_modules,
obs_enum_output_protocols,
obs_enum_output_types,
obs_enum_output_types_with_protocol,
obs_enum_outputs,
obs_enum_scenes,
obs_enum_service_types,
obs_enum_services,
obs_enum_source_types,
obs_enum_sources,
obs_enum_transition_types,
obs_filter_get_parent,
obs_filter_get_target,
obs_find_data_file,
obs_find_module_file,
obs_frontend_add_event_callback,
obs_frontend_add_save_callback,
obs_frontend_add_undo_redo_action,
obs_frontend_defer_save_begin,
obs_frontend_defer_save_end,
obs_frontend_get_current_preview_scene,
obs_frontend_get_current_profile,
obs_frontend_get_current_record_output_path,
obs_frontend_get_current_scene,
obs_frontend_get_current_scene_collection,
obs_frontend_get_current_transition,
obs_frontend_get_global_config,
obs_frontend_get_last_recording,
obs_frontend_get_last_replay,
obs_frontend_get_last_screenshot,
obs_frontend_get_locale_string,
obs_frontend_get_profile_config,
obs_frontend_get_profiles,
obs_frontend_get_recording_output,
obs_frontend_get_replay_buffer_output,
obs_frontend_get_scene_collections,
obs_frontend_get_scene_names,
obs_frontend_get_scenes,
obs_frontend_get_streaming_output,
obs_frontend_get_streaming_service,
obs_frontend_get_transition_duration,
obs_frontend_get_transitions,
obs_frontend_get_virtualcam_output,
obs_frontend_is_theme_dark,
obs_frontend_open_projector,
obs_frontend_open_sceneitem_edit_transform,
obs_frontend_open_source_filters,
obs_frontend_open_source_interaction,
obs_frontend_open_source_properties,
obs_frontend_preview_enabled,
obs_frontend_preview_program_mode_active,
obs_frontend_preview_program_trigger_transition,
obs_frontend_recording_active,
obs_frontend_recording_pause,
obs_frontend_recording_paused,
obs_frontend_recording_split_file,
obs_frontend_recording_start,
obs_frontend_recording_stop,
obs_frontend_remove_event_callback,
obs_frontend_remove_save_callback,
obs_frontend_replay_buffer_active,
obs_frontend_replay_buffer_save,
obs_frontend_replay_buffer_start,
obs_frontend_replay_buffer_stop,
obs_frontend_reset_video,
obs_frontend_save,
obs_frontend_save_streaming_service,
obs_frontend_set_current_preview_scene,
obs_frontend_set_current_profile,
obs_frontend_set_current_scene,
obs_frontend_set_current_scene_collection,
obs_frontend_set_current_transition,
obs_frontend_set_preview_enabled,
obs_frontend_set_preview_program_mode,
obs_frontend_set_streaming_service,
obs_frontend_set_transition_duration,
obs_frontend_start_virtualcam,
obs_frontend_stop_virtualcam,
obs_frontend_streaming_active,
obs_frontend_streaming_start,
obs_frontend_streaming_stop,
obs_frontend_take_screenshot,
obs_frontend_take_source_screenshot,
obs_frontend_virtualcam_active,
obs_get_active_fps,
obs_get_audio,
obs_get_audio_info,
obs_get_audio_monitoring_device,
obs_get_average_frame_time_ns,
obs_get_base_effect,
obs_get_cmdline_args,
obs_get_encoder_by_name,
obs_get_encoder_caps,
obs_get_encoder_codec,
obs_get_encoder_properties,
obs_get_encoder_type,
obs_get_frame_interval_ns,
obs_get_lagged_frames,
obs_get_latest_input_type_id,
obs_get_locale,
obs_get_main_texture,
obs_get_master_volume,
obs_get_module,
obs_get_module_author,
obs_get_module_binary_path,
obs_get_module_data_path,
obs_get_module_description,
obs_get_module_file_name,
obs_get_module_lib,
obs_get_module_name,
obs_get_output_by_name,
obs_get_output_flags,
obs_get_output_properties,
obs_get_output_source,
obs_get_output_supported_audio_codecs,
obs_get_output_supported_video_codecs,
obs_get_private_data,
obs_get_proc_handler,
obs_get_profiler_name_store,
obs_get_scene_by_name,
obs_get_service_by_name,
obs_get_service_properties,
obs_get_signal_handler,
obs_get_source_by_name,
obs_get_source_by_uuid,
obs_get_source_defaults,
obs_get_source_output_flags,
obs_get_source_properties,
obs_get_total_frames,
obs_get_transition_by_name,
obs_get_transition_by_uuid,
obs_get_version,
obs_get_version_string,
obs_get_video,
obs_get_video_frame_time,
obs_get_video_hdr_nominal_peak_level,
obs_get_video_info,
obs_get_video_sdr_white_level,
obs_group_from_source,
obs_group_or_scene_from_source,
obs_hotkey_binding_get_hotkey,
obs_hotkey_binding_get_hotkey_id,
obs_hotkey_binding_get_key_combination,
obs_hotkey_enable_background_press,
obs_hotkey_enable_callback_rerouting,
obs_hotkey_enable_strict_modifiers,
obs_hotkey_get_description,
obs_hotkey_get_id,
obs_hotkey_get_name,
obs_hotkey_get_pair_partner_id,
obs_hotkey_get_registerer,
obs_hotkey_get_registerer_type,
obs_hotkey_inject_event,
obs_hotkey_load,
obs_hotkey_load_bindings,
obs_hotkey_pair_load,
obs_hotkey_pair_save,
obs_hotkey_pair_set_descriptions,
obs_hotkey_pair_set_names,
obs_hotkey_pair_unregister,
obs_hotkey_register_frontend,
obs_hotkey_save,
obs_hotkey_set_callback_routing_func,
obs_hotkey_set_description,
obs_hotkey_set_name,
obs_hotkey_trigger_routed_callback,
obs_hotkey_unregister,
obs_hotkey_update_atomic,
obs_hotkeys_load_encoder,
obs_hotkeys_load_output,
obs_hotkeys_load_service,
obs_hotkeys_load_source,
obs_hotkeys_save_encoder,
obs_hotkeys_save_output,
obs_hotkeys_save_service,
obs_hotkeys_save_source,
obs_hotkeys_set_audio_hotkeys_translations,
obs_hotkeys_set_sceneitem_hotkeys_translations,
obs_in_task_thread,
obs_init_module,
obs_initialized,
obs_is_output_protocol_registered,
obs_is_source_configurable,
obs_key_combination,
obs_key_combination_is_empty,
obs_key_combination_to_str,
obs_key_event,
obs_key_from_name,
obs_key_from_virtual_key,
obs_key_to_name,
obs_key_to_str,
obs_key_to_virtual_key,
obs_leave_graphics,
obs_load_private_source,
obs_load_source,
obs_load_sources,
obs_log_loaded_modules,
obs_module_get_config_path,
obs_module_get_locale_string,
obs_module_get_locale_text,
obs_module_load_locale,
obs_mouse_event,
obs_nv12_tex_active,
obs_obj_get_data,
obs_obj_get_id,
obs_obj_get_type,
obs_obj_invalid,
obs_obj_is_private,
obs_object_get_ref,
obs_object_get_weak_object,
obs_object_release,
obs_open_module,
obs_output_active,
obs_output_addref,
obs_output_audio,
obs_output_begin_data_capture,
obs_output_can_begin_data_capture,
obs_output_can_pause,
obs_output_caption,
obs_output_create,
obs_output_defaults,
obs_output_end_data_capture,
obs_output_force_stop,
obs_output_get_active_delay,
obs_output_get_audio_encoder,
obs_output_get_congestion,
obs_output_get_connect_time_ms,
obs_output_get_delay,
obs_output_get_display_name,
obs_output_get_flags,
obs_output_get_frames_dropped,
obs_output_get_height,
obs_output_get_height2,
obs_output_get_id,
obs_output_get_last_error,
obs_output_get_mixer,
obs_output_get_mixers,
obs_output_get_name,
obs_output_get_pause_offset,
obs_output_get_proc_handler,
obs_output_get_protocols,
obs_output_get_ref,
obs_output_get_service,
obs_output_get_settings,
obs_output_get_signal_handler,
obs_output_get_supported_audio_codecs,
obs_output_get_supported_video_codecs,
obs_output_get_total_bytes,
obs_output_get_total_frames,
obs_output_get_type_data,
obs_output_get_video_conversion,
obs_output_get_video_encoder,
obs_output_get_video_encoder2,
obs_output_get_weak_output,
obs_output_get_width,
obs_output_get_width2,
obs_output_initialize_encoders,
obs_output_output_caption_text1,
obs_output_output_caption_text2,
obs_output_pause,
obs_output_paused,
obs_output_properties,
obs_output_reconnecting,
obs_output_release,
obs_output_set_audio_conversion,
obs_output_set_audio_encoder,
obs_output_set_delay,
obs_output_set_last_error,
obs_output_set_media,
obs_output_set_mixer,
obs_output_set_mixers,
obs_output_set_preferred_size,
obs_output_set_preferred_size2,
obs_output_set_reconnect_settings,
obs_output_set_service,
obs_output_set_video_conversion,
obs_output_set_video_encoder,
obs_output_set_video_encoder2,
obs_output_signal_stop,
obs_output_start,
obs_output_stop,
obs_output_update,
obs_p010_tex_active,
obs_properties_add_bool,
obs_properties_add_button,
obs_properties_add_button2,
obs_properties_add_color,
obs_properties_add_color_alpha,
obs_properties_add_editable_list,
obs_properties_add_float,
obs_properties_add_float_slider,
obs_properties_add_font,
obs_properties_add_frame_rate,
obs_properties_add_group,
obs_properties_add_int,
obs_properties_add_int_slider,
obs_properties_add_list,
obs_properties_add_path,
obs_properties_add_text,
obs_properties_apply_settings,
obs_properties_create,
obs_properties_create_param,
obs_properties_destroy,
obs_properties_first,
obs_properties_get,
obs_properties_get_flags,
obs_properties_get_param,
obs_properties_get_parent,
obs_properties_remove_by_name,
obs_properties_set_flags,
obs_properties_set_param,
obs_property_button_clicked,
obs_property_button_set_type,
obs_property_button_set_url,
obs_property_button_type,
obs_property_button_url,
obs_property_description,
obs_property_editable_list_default_path,
obs_property_editable_list_filter,
obs_property_editable_list_type,
obs_property_enabled,
obs_property_float_max,
obs_property_float_min,
obs_property_float_set_limits,
obs_property_float_set_suffix,
obs_property_float_step,
obs_property_float_suffix,
obs_property_float_type,
obs_property_frame_rate_clear,
obs_property_frame_rate_fps_range_add,
obs_property_frame_rate_fps_range_insert,
obs_property_frame_rate_fps_range_max,
obs_property_frame_rate_fps_range_min,
obs_property_frame_rate_fps_ranges_clear,
obs_property_frame_rate_fps_ranges_count,
obs_property_frame_rate_option_add,
obs_property_frame_rate_option_description,
obs_property_frame_rate_option_insert,
obs_property_frame_rate_option_name,
obs_property_frame_rate_options_clear,
obs_property_frame_rate_options_count,
obs_property_get_type,
obs_property_group_content,
obs_property_group_type,
obs_property_int_max,
obs_property_int_min,
obs_property_int_set_limits,
obs_property_int_set_suffix,
obs_property_int_step,
obs_property_int_suffix,
obs_property_int_type,
obs_property_list_add_bool,
obs_property_list_add_float,
obs_property_list_add_int,
obs_property_list_add_string,
obs_property_list_clear,
obs_property_list_format,
obs_property_list_insert_bool,
obs_property_list_insert_float,
obs_property_list_insert_int,
obs_property_list_insert_string,
obs_property_list_item_bool,
obs_property_list_item_count,
obs_property_list_item_disable,
obs_property_list_item_disabled,
obs_property_list_item_float,
obs_property_list_item_int,
obs_property_list_item_name,
obs_property_list_item_remove,
obs_property_list_item_string,
obs_property_list_type,
obs_property_long_description,
obs_property_modified,
obs_property_name,
obs_property_next,
obs_property_path_default_path,
obs_property_path_filter,
obs_property_path_type,
obs_property_set_description,
obs_property_set_enabled,
obs_property_set_long_description,
obs_property_set_modified_callback,
obs_property_set_modified_callback2,
obs_property_set_visible,
obs_property_text_info_type,
obs_property_text_info_word_wrap,
obs_property_text_monospace,
obs_property_text_set_info_type,
obs_property_text_set_info_word_wrap,
obs_property_text_set_monospace,
obs_property_text_type,
obs_property_visible,
obs_queue_task,
obs_remove_data_path,
obs_remove_main_rendered_callback,
obs_remove_raw_audio_callback,
obs_remove_raw_video_callback,
obs_remove_tick_callback,
obs_render_main_texture,
obs_render_main_texture_src_color_only,
obs_reset_audio,
obs_reset_audio2,
obs_reset_source_uuids,
obs_reset_video,
obs_save_source,
obs_save_sources,
obs_save_sources_filtered,
obs_scene_add,
obs_scene_add_group,
obs_scene_add_group2,
obs_scene_addref,
obs_scene_atomic_update,
obs_scene_create,
obs_scene_create_private,
obs_scene_duplicate,
obs_scene_enum_items,
obs_scene_find_sceneitem_by_id,
obs_scene_find_source,
obs_scene_find_source_recursive,
obs_scene_from_source,
obs_scene_get_group,
obs_scene_get_ref,
obs_scene_get_source,
obs_scene_insert_group,
obs_scene_insert_group2,
obs_scene_is_group,
obs_scene_load_transform_states,
obs_scene_prune_sources,
obs_scene_release,
obs_scene_reorder_items,
obs_scene_reorder_items2,
obs_scene_save_transform_states,
obs_scene_sceneitem_from_source,
obs_sceneitem_addref,
obs_sceneitem_crop,
obs_sceneitem_defer_group_resize_begin,
obs_sceneitem_defer_group_resize_end,
obs_sceneitem_defer_update_begin,
obs_sceneitem_defer_update_end,
obs_sceneitem_do_transition,
obs_sceneitem_force_update_transform,
obs_sceneitem_get_alignment,
obs_sceneitem_get_blending_method,
obs_sceneitem_get_blending_mode,
obs_sceneitem_get_bounds,
obs_sceneitem_get_bounds_alignment,
obs_sceneitem_get_bounds_type,
obs_sceneitem_get_box_scale,
obs_sceneitem_get_box_transform,
obs_sceneitem_get_crop,
obs_sceneitem_get_draw_transform,
obs_sceneitem_get_group,
obs_sceneitem_get_hide_transition,
obs_sceneitem_get_hide_transition_duration,
obs_sceneitem_get_id,
obs_sceneitem_get_info,
obs_sceneitem_get_order_position,
obs_sceneitem_get_pos,
obs_sceneitem_get_private_settings,
obs_sceneitem_get_rot,
obs_sceneitem_get_scale,
obs_sceneitem_get_scale_filter,
obs_sceneitem_get_scene,
obs_sceneitem_get_show_transition,
obs_sceneitem_get_show_transition_duration,
obs_sceneitem_get_source,
obs_sceneitem_get_transition,
obs_sceneitem_get_transition_duration,
obs_sceneitem_group_add_item,
obs_sceneitem_group_enum_items,
obs_sceneitem_group_get_scene,
obs_sceneitem_group_remove_item,
obs_sceneitem_group_ungroup,
obs_sceneitem_group_ungroup2,
obs_sceneitem_is_group,
obs_sceneitem_locked,
obs_sceneitem_order_info,
obs_sceneitem_release,
obs_sceneitem_remove,
obs_sceneitem_save,
obs_sceneitem_select,
obs_sceneitem_selected,
obs_sceneitem_set_alignment,
obs_sceneitem_set_blending_method,
obs_sceneitem_set_blending_mode,
obs_sceneitem_set_bounds,
obs_sceneitem_set_bounds_alignment,
obs_sceneitem_set_bounds_type,
obs_sceneitem_set_crop,
obs_sceneitem_set_hide_transition,
obs_sceneitem_set_hide_transition_duration,
obs_sceneitem_set_id,
obs_sceneitem_set_info,
obs_sceneitem_set_locked,
obs_sceneitem_set_order,
obs_sceneitem_set_order_position,
obs_sceneitem_set_pos,
obs_sceneitem_set_rot,
obs_sceneitem_set_scale,
obs_sceneitem_set_scale_filter,
obs_sceneitem_set_show_transition,
obs_sceneitem_set_show_transition_duration,
obs_sceneitem_set_transition,
obs_sceneitem_set_transition_duration,
obs_sceneitem_set_visible,
obs_sceneitem_transition_load,
obs_sceneitem_transition_save,
obs_sceneitem_visible,
obs_sceneitems_add,
obs_service_addref,
obs_service_apply_encoder_settings,
obs_service_can_try_to_connect,
obs_service_create,
obs_service_create_private,
obs_service_defaults,
obs_service_get_connect_info,
obs_service_get_display_name,
obs_service_get_id,
obs_service_get_key,
obs_service_get_max_bitrate,
obs_service_get_max_fps,
obs_service_get_name,
obs_service_get_output_type,
obs_service_get_password,
obs_service_get_preferred_output_type,
obs_service_get_protocol,
obs_service_get_ref,
obs_service_get_settings,
obs_service_get_supported_audio_codecs,
obs_service_get_supported_resolutions,
obs_service_get_supported_video_codecs,
obs_service_get_type,
obs_service_get_type_data,
obs_service_get_url,
obs_service_get_username,
obs_service_get_weak_service,
obs_service_properties,
obs_service_release,
obs_service_update,
obs_set_audio_monitoring_device,
obs_set_cmdline_args,
obs_set_locale,
obs_set_master_volume,
obs_set_output_source,
obs_set_private_data,
obs_set_ui_task_handler,
obs_set_video_levels,
obs_shutdown,
obs_source_active,
obs_source_add_active_child,
obs_source_add_audio_capture_callback,
obs_source_add_audio_pause_callback,
obs_source_add_caption_callback,
obs_source_addref,
obs_source_async_decoupled,
obs_source_async_unbuffered,
obs_source_audio,
obs_source_audio_active,
obs_source_audio_mix,
obs_source_audio_pending,
obs_source_backup_filters,
obs_source_cea_708,
obs_source_configurable,
obs_source_copy_filters,
obs_source_copy_single_filter,
obs_source_create,
obs_source_create_private,
obs_source_dec_active,
obs_source_dec_showing,
obs_source_default_render,
obs_source_draw,
obs_source_draw_set_color_matrix,
obs_source_duplicate,
obs_source_enable_push_to_mute,
obs_source_enable_push_to_talk,
obs_source_enabled,
obs_source_enum_active_sources,
obs_source_enum_active_tree,
obs_source_enum_filters,
obs_source_enum_full_tree,
obs_source_filter_add,
obs_source_filter_count,
obs_source_filter_get_index,
obs_source_filter_remove,
obs_source_filter_set_index,
obs_source_filter_set_order,
obs_source_frame,
obs_source_frame2,
obs_source_frame_copy,
obs_source_frame_create,
obs_source_frame_destroy,
obs_source_frame_free,
obs_source_frame_init,
obs_source_get_audio_mix,
obs_source_get_audio_mixers,
obs_source_get_audio_timestamp,
obs_source_get_balance_value,
obs_source_get_base_height,
obs_source_get_base_width,
obs_source_get_color_space,
obs_source_get_deinterlace_field_order,
obs_source_get_deinterlace_mode,
obs_source_get_display_name,
obs_source_get_filter_by_name,
obs_source_get_flags,
obs_source_get_frame,
obs_source_get_height,
obs_source_get_icon_type,
obs_source_get_id,
obs_source_get_last_obs_version,
obs_source_get_missing_files,
obs_source_get_monitoring_type,
obs_source_get_name,
obs_source_get_output_flags,
obs_source_get_private_settings,
obs_source_get_proc_handler,
obs_source_get_push_to_mute_delay,
obs_source_get_push_to_talk_delay,
obs_source_get_ref,
obs_source_get_settings,
obs_source_get_signal_handler,
obs_source_get_speaker_layout,
obs_source_get_sync_offset,
obs_source_get_texcoords_centered,
obs_source_get_type,
obs_source_get_type_data,
obs_source_get_unversioned_id,
obs_source_get_uuid,
obs_source_get_volume,
obs_source_get_weak_source,
obs_source_get_width,
obs_source_inc_active,
obs_source_inc_showing,
obs_source_is_group,
obs_source_is_hidden,
obs_source_is_scene,
obs_source_load,
obs_source_load2,
obs_source_media_ended,
obs_source_media_get_duration,
obs_source_media_get_state,
obs_source_media_get_time,
obs_source_media_next,
obs_source_media_play_pause,
obs_source_media_previous,
obs_source_media_restart,
obs_source_media_set_time,
obs_source_media_started,
obs_source_media_stop,
obs_source_muted,
obs_source_output_audio,
obs_source_output_cea708,
obs_source_output_video,
obs_source_output_video2,
obs_source_preload_video,
obs_source_preload_video2,
obs_source_process_filter_begin,
obs_source_process_filter_begin_with_color_space,
obs_source_process_filter_end,
obs_source_process_filter_tech_end,
obs_source_properties,
obs_source_push_to_mute_enabled,
obs_source_push_to_talk_enabled,
obs_source_release,
obs_source_release_frame,
obs_source_remove,
obs_source_remove_active_child,
obs_source_remove_audio_capture_callback,
obs_source_remove_audio_pause_callback,
obs_source_remove_caption_callback,
obs_source_removed,
obs_source_replace_missing_file,
obs_source_reset_settings,
obs_source_restore_filters,
obs_source_save,
obs_source_send_focus,
obs_source_send_key_click,
obs_source_send_mouse_click,
obs_source_send_mouse_move,
obs_source_send_mouse_wheel,
obs_source_set_async_decoupled,
obs_source_set_async_rotation,
obs_source_set_async_unbuffered,
obs_source_set_audio_active,
obs_source_set_audio_mixers,
obs_source_set_balance_value,
obs_source_set_default_flags,
obs_source_set_deinterlace_field_order,
obs_source_set_deinterlace_mode,
obs_source_set_enabled,
obs_source_set_flags,
obs_source_set_hidden,
obs_source_set_monitoring_type,
obs_source_set_muted,
obs_source_set_name,
obs_source_set_push_to_mute_delay,
obs_source_set_push_to_talk_delay,
obs_source_set_sync_offset,
obs_source_set_video_frame,
obs_source_set_video_frame2,
obs_source_set_volume,
obs_source_show_preloaded_video,
obs_source_showing,
obs_source_skip_video_filter,
obs_source_update,
obs_source_update_properties,
obs_source_video_render,
obs_startup,
obs_transform_info,
obs_transition_audio_render,
obs_transition_clear,
obs_transition_enable_fixed,
obs_transition_fixed,
obs_transition_force_stop,
obs_transition_get_active_source,
obs_transition_get_alignment,
obs_transition_get_scale_type,
obs_transition_get_size,
obs_transition_get_source,
obs_transition_get_time,
obs_transition_set,
obs_transition_set_alignment,
obs_transition_set_manual_time,
obs_transition_set_manual_torque,
obs_transition_set_scale_type,
obs_transition_set_size,
obs_transition_start,
obs_transition_swap_begin,
obs_transition_swap_end,
obs_transition_video_get_color_space,
obs_transition_video_render,
obs_transition_video_render2,
obs_transition_video_render_direct,
obs_video_active,
obs_video_encoder_create,
obs_video_info,
obs_view_add,
obs_view_add2,
obs_view_create,
obs_view_destroy,
obs_view_get_source,
obs_view_get_video_info,
obs_view_remove,
obs_view_render,
obs_view_set_source,
obs_wait_for_destroy_queue,
obs_weak_encoder_addref,
obs_weak_encoder_get_encoder,
obs_weak_encoder_references_encoder,
obs_weak_encoder_release,
obs_weak_object_addref,
obs_weak_object_expired,
obs_weak_object_get_object,
obs_weak_object_references_object,
obs_weak_object_release,
obs_weak_output_addref,
obs_weak_output_get_output,
obs_weak_output_references_output,
obs_weak_output_release,
obs_weak_service_addref,
obs_weak_service_get_service,
obs_weak_service_references_service,
obs_weak_service_release,
obs_weak_source_addref,
obs_weak_source_expired,
obs_weak_source_get_source,
obs_weak_source_references_source,
obs_weak_source_release,
os_breakpoint,
os_chdir,
os_closedir,
os_copyfile,
os_cpu_usage_info_destroy,
os_cpu_usage_info_query,
os_cpu_usage_info_start,
os_dirent,
os_dlclose,
os_dlopen,
os_dlsym,
os_dtostr,
os_end_high_performance,
os_fgetsize,
os_file_exists,
os_fopen,
os_fread_mbs,
os_fread_utf8,
os_fseeki64,
os_ftelli64,
os_generate_formatted_filename,
os_generate_uuid,
os_get_abs_path,
os_get_abs_path_ptr,
os_get_config_path,
os_get_config_path_ptr,
os_get_emulation_status,
os_get_executable_path_ptr,
os_get_file_size,
os_get_free_disk_space,
os_get_free_space,
os_get_logical_cores,
os_get_path_extension,
os_get_physical_cores,
os_get_proc_memory_usage,
os_get_proc_resident_size,
os_get_proc_virtual_size,
os_get_program_data_path,
os_get_program_data_path_ptr,
os_get_sys_free_size,
os_get_sys_total_size,
os_getcwd,
os_gettime_ns,
os_glob,
os_glob_info,
os_globent,
os_globfree,
os_inhibit_sleep_create,
os_inhibit_sleep_destroy,
os_inhibit_sleep_set_active,
os_is_obs_plugin,
os_mbs_to_utf8_ptr,
os_mbs_to_wcs,
os_mbs_to_wcs_ptr,
os_mkdir,
os_mkdirs,
os_opendir,
os_proc_memory_usage,
os_quick_read_mbs_file,
os_quick_read_utf8_file,
os_quick_write_mbs_file,
os_quick_write_utf8_file,
os_quick_write_utf8_file_safe,
os_readdir,
os_rename,
os_request_high_performance,
os_rmdir,
os_safe_replace,
os_sleep_ms,
os_sleepto_ns,
os_sleepto_ns_fast,
os_strtod,
os_unlink,
os_utf8_to_mbs_ptr,
os_utf8_to_wcs,
os_utf8_to_wcs_ptr,
os_wcs_to_mbs,
os_wcs_to_mbs_ptr,
os_wcs_to_utf8,
os_wcs_to_utf8_ptr,
os_wfopen,
proc_handler_add,
proc_handler_call,
proc_handler_create,
proc_handler_destroy,
quat,
quat_add,
quat_addf,
quat_close,
quat_copy,
quat_dist,
quat_divf,
quat_dot,
quat_exp,
quat_from_axisang,
quat_from_matrix3,
quat_from_matrix4,
quat_get_dir,
quat_get_tangent,
quat_identity,
quat_interpolate,
quat_interpolate_cubic,
quat_inv,
quat_len,
quat_log,
quat_mul,
quat_mulf,
quat_neg,
quat_norm,
quat_set,
quat_set_look_dir,
quat_sub,
quat_subf,
remove_current_callback,
sceneitem_list_release,
script_log,
script_log_no_endl,
signal_handler_add,
signal_handler_add_array,
signal_handler_connect,
signal_handler_connect_global,
signal_handler_connect_ref,
signal_handler_create,
signal_handler_destroy,
signal_handler_disconnect,
signal_handler_disconnect_global,
signal_handler_signal,
source_list_release,
timer_add,
timer_remove,
vec2,
vec2_abs,
vec2_add,
vec2_addf,
vec2_ceil,
vec2_close,
vec2_copy,
vec2_dist,
vec2_div,
vec2_divf,
vec2_dot,
vec2_floor,
vec2_len,
vec2_max,
vec2_maxf,
vec2_min,
vec2_minf,
vec2_mul,
vec2_mulf,
vec2_neg,
vec2_norm,
vec2_set,
vec2_sub,
vec2_subf,
vec2_zero,
vec3,
vec3_abs,
vec3_add,
vec3_addf,
vec3_ceil,
vec3_close,
vec3_copy,
vec3_cross,
vec3_dist,
vec3_div,
vec3_divf,
vec3_dot,
vec3_floor,
vec3_from_vec4,
vec3_len,
vec3_max,
vec3_maxf,
vec3_min,
vec3_minf,
vec3_mirror,
vec3_mirrorv,
vec3_mul,
vec3_mulf,
vec3_neg,
vec3_norm,
vec3_plane_dist,
vec3_rand,
vec3_rotate,
vec3_set,
vec3_sub,
vec3_subf,
vec3_transform,
vec3_transform3x4,
vec3_zero,
vec4,
vec4_abs,
vec4_add,
vec4_addf,
vec4_ceil,
vec4_close,
vec4_copy,
vec4_dist,
vec4_div,
vec4_divf,
vec4_dot,
vec4_floor,
vec4_from_bgra,
vec4_from_rgba,
vec4_from_rgba_srgb,
vec4_from_vec3,
vec4_len,
vec4_max,
vec4_maxf,
vec4_min,
vec4_minf,
vec4_mul,
vec4_mulf,
vec4_neg,
vec4_norm,
vec4_set,
vec4_sub,
vec4_subf,
vec4_to_bgra,
vec4_to_rgba,
vec4_transform,
vec4_zero,
